gene,isoform,0
AT4G39260,AT4G39260_JC13,14648.680838
AT2G21660,AT2G21660_s3,9020.151263
AT5G40450,AT5G40450_P1,6300.050904
AT2G05510,AT2G05510_P1,3369.129906
AT1G10070,AT1G10070_ID8,3242.1279859999995
AT1G24825,AT1G24825_ID1,3023.643951
AT3G26510,AT3G26510_P6,2785.211414
AT1G54100,AT1G54100_P2,2661.630683
AT1G03090,AT1G03090_s1,2548.752202
AT5G14920,AT5G14920_P2,2508.0968359999997
AT3G61860,AT3G61860_ID2,2221.341393
AT1G10070,AT1G10070.1,2147.831863
AT2G22990,AT2G22990_P6,2085.3552219999997
AT3G57300,AT3G57300_s1,1978.7549090000002
AT2G18050,AT2G18050_ID2,1959.1465710000002
AT2G20670,AT2G20670_c1,1957.2733210000001
AT2G45380,AT2G45380_P2,1803.575037
AT2G22980,AT2G22980_ID19,1795.168378
AT2G01450,AT2G01450_ID30,1763.928943
AT4G35770,AT4G35770_P4,1755.361113
AT3G13450,AT3G13450_ID1,1739.6541150000003
AT2G21330,AT2G21330.2,1716.704792
AT1G02840,AT1G02840_s1,1658.3578429999998
AT5G25560,AT5G25560.4,1634.014653
AT3G50670,AT3G50670.2,1577.36703
AT4G36690,AT4G36690_P3,1553.757972
AT5G11090,AT5G11090_JC2,1552.739853
AT3G25820,AT3G25820_P3,1544.429332
AT2G04690,AT2G04690_P3,1495.7389580000001
AT2G01450,AT2G01450_ID28,1454.3309769999998
AT4G36690,AT4G36690_P2,1425.287577
AT3G14660,AT3G14660_P2,1417.072846
AT1G30970,AT1G30970_s2,1410.182565
AT1G13390,AT1G13390_P1,1391.2496919999999
AT1G04080,AT1G04080_ID2,1374.3850140000002
AT4G18120,AT4G18120_ID119,1372.8655179999998
AT3G13570,AT3G13570_CR2,1326.587157
AT5G35170,AT5G35170_ID5,1323.667772
AT2G22980,AT2G22980_ID17,1289.2755430000002
AT4G19160,AT4G19160_P4,1277.5038479999998
AT1G52710,AT1G52710_ID4,1272.385306
AT2G02570,AT2G02570_ID33,1262.0517519999999
AT1G21400,AT1G21400_P6,1258.041602
AT1G64790,AT1G64790_P3,1244.640823
AT5G20250,AT5G20250_ID16,1206.277159
AT1G73490,AT1G73490_ID6,1200.292762
AT5G28050,AT5G28050_ID2,1196.883654
AT5G18310,AT5G18310_P3,1161.636053
AT5G51300,AT5G51300_P2,1130.088029
AT3G19820,AT3G19820_ID1,1076.217725
AT3G18035,AT3G18035_ID3,1055.144294
AT1G15800,AT1G15800_s1,1027.788873
AT1G58180,AT1G58180_ID16,1018.147287
AT4G16280,AT4G16280_JC3,1012.402825
AT1G28330,AT1G28330_P6,1007.672428
AT1G22400,AT1G22400_ID2,996.267376
AT4G37520,AT4G37520_ID2,995.2892920000002
AT3G13750,AT3G13750_s1,987.3077599999999
AT4G33150,AT4G33150_P4,979.351261
AT2G30600,AT2G30600.5,955.622609
AT1G35515,AT1G35515_JC3,952.508923
AT1G10890,AT1G10890_JS3,936.3171759999999
AT3G61060,AT3G61060_s1,910.1054240000001
AT1G15200,AT1G15200_ID4,904.488896
AT3G48360,AT3G48360_s1,900.303328
AT5G25770,AT5G25770_ID6,890.9038700000001
AT1G72070,AT1G72070_ID2,886.1123460000001
AT2G18960,AT2G18960_P3,872.0816
AT5G64570,AT5G64570_P3,871.596123
AT3G02470,AT3G02470.1,870.8913089999999
AT5G09880,AT5G09880_ID3,867.499337
AT5G58200,AT5G58200_ID8,866.292547
AT1G20920,AT1G20920_P3,848.945542
AT4G23850,AT4G23850_ID4,847.0808020000001
AT2G43080,AT2G43080_c3,846.631003
AT1G27520,AT1G27520_ID11,842.3968550000001
AT3G59990,AT3G59990_c1,841.442126
AT2G24280,AT2G24280_P2,840.9158319999999
AT5G11170,AT5G11170_JS4,832.502105
AT2G28290,AT2G28290_P1,823.506873
AT5G63370,AT5G63370_P1,823.065436
AT5G59780,AT5G59780_ID1,818.009418
AT5G60640,AT5G60640_ID2,808.4257640000001
AT5G67420,AT5G67420_P2,807.2722759999999
AT3G16420,AT3G16420.2,804.7964
AT1G10890,AT1G10890_P2,802.8240470000001
AT4G15540,AT4G15540_ID24,802.5073500000001
AT1G10070,AT1G10070.3,797.701679
AT3G49140,AT3G49140_ID7,787.486638
AT2G36460,AT2G36460.2,786.184773
AT4G11830,AT4G11830.2,778.5650929999999
AT1G47530,AT1G47530_ID4,759.7062239999999
AT3G20250,AT3G20250_ID4,753.334649
AT5G52040,AT5G52040_P7,748.3698529999999
AT3G46130,AT3G46130_ID1,741.93915
AT3G51840,AT3G51840_s2,739.871354
AT3G22460,AT3G22460_ID14,716.715162
AT5G10350,AT5G10350_JS2,715.070259
AT5G39530,AT5G39530_P2,708.657863
AT4G21660,AT4G21660_s1,708.048842
AT3G05160,AT3G05160_ID90,705.3631670000001
AT5G13710,AT5G13710_ID3,705.1578930000001
AT1G11930,AT1G11930_ID4,696.3493100000001
AT1G53780,AT1G53780_P3,688.9652880000001
AT3G57470,AT3G57470_P6,685.762564
AT3G48360,AT3G48360_P3,681.838108
AT1G21770,AT1G21770_ID2,681.775751
AT3G26890,AT3G26890_P8,681.511844
AT3G26510,AT3G26510_P1,665.7898849999999
AT1G32460,AT1G32460_ID2,664.409947
AT5G65210,AT5G65210_ID24,658.038545
AT1G16880,AT1G16880_s1,657.216726
AT2G01530,AT2G01530_ID2,654.853102
AT3G14990,AT3G14990.2,648.659227
AT3G27260,AT3G27260_s2,645.739596
AT5G21930,AT5G21930_P4,644.236163
AT3G13340,AT3G13340_ID57,641.972751
AT3G07780,AT3G07780_ID3,640.011731
AT4G18120,AT4G18120_JS26,632.405835
AT5G57110,AT5G57110_P2,629.8404029999999
AT3G63520,AT3G63520_ID6,626.22839
AT1G58180,AT1G58180_P3,621.069338
AT5G37850,AT5G37850_P4,620.5642089999999
AT1G20620,AT1G20620_P4,611.338185
AT3G62190,AT3G62190_ID1,610.8859289999999
AT4G30990,AT4G30990_s1,610.600717
AT3G49430,AT3G49430_P6,598.3791580000001
AT5G20250,AT5G20250.3,597.071597
AT5G58240,AT5G58240_c1,591.041871
AT3G02300,AT3G02300_ID1,587.371267
AT5G64680,AT5G64680_P2,586.766857
AT2G42330,AT2G42330_ID2,581.895782
AT3G56860,AT3G56860_P3,572.668534
AT4G20480,AT4G20480_ID2,572.497531
AT1G79750,AT1G79750_ID20,571.101507
AT1G70620,AT1G70620_P4,568.662771
AT1G20920,AT1G20920_P1,568.3905930000001
AT1G68820,AT1G68820_ID8,566.4880009999999
AT5G18640,AT5G18640_P2,566.463661
AT4G27500,AT4G27500_P2,564.361688
AT3G27906,AT3G27906_P1,558.84604
AT4G16710,AT4G16710_P3,553.859789
AT2G46800,AT2G46800_P3,553.587039
AT3G21215,AT3G21215_P1,551.858369
AT5G14740,AT5G14740_P6,551.0488
AT5G57565,AT5G57565_P2,549.853511
AT1G62310,AT1G62310_P1,546.972175
AT5G07100,AT5G07100_P2,546.857989
AT1G01320,AT1G01320_ID7,544.805085
AT1G19130,AT1G19130_ID1,543.045904
AT4G07507,AT4G07507_JS12,542.132619
AT1G15040,AT1G15040.2,538.595808
AT1G21780,AT1G21780.2,536.183427
AT5G02810,AT5G02810_JS12,533.7930230000001
AT1G47490,AT1G47490_P2,533.141532
AT1G03080,AT1G03080_P3,529.953734
AT2G02960,AT2G02960_P3,524.751499
AT2G02870,AT2G02870_P3,519.648909
AT1G02300,AT1G02300_ID11,517.07436
AT1G70320,AT1G70320_P1,516.083261
AT1G29357,AT1G29357_ID7,515.1381719999999
AT1G25230,AT1G25230_P2,515.108583
AT1G60900,AT1G60900_JC3,514.15544
AT3G06080,AT3G06080_P1,513.277027
AT5G44750,AT5G44750_JS6,513.191874
AT5G46410,AT5G46410_P3,512.706692
AT5G22440,AT5G22440_ID4,510.19292299999995
AT1G08900,AT1G08900_P4,509.914254
AT5G25270,AT5G25270_ID36,509.745914
AT2G28070,AT2G28070_ID2,508.9568330000001
AT5G03830,AT5G03830_s3,507.26590200000004
AT1G63290,AT1G63290_P1,506.927417
AT5G39830,AT5G39830_s1,506.559864
AT2G29140,AT2G29140_P2,503.657831
AT4G09720,AT4G09720_P2,497.278084
AT1G13350,AT1G13350_ID1,496.480336
AT5G16880,AT5G16880_P4,492.4728309999999
AT4G08980,AT4G08980_P2,485.982959
AT3G15010,AT3G15010_P2,484.33662999999996
AT5G07370,AT5G07370_P4,481.4829199999999
AT3G24160,AT3G24160_ID1,481.27989399999996
AT4G34135,AT4G34135_P2,480.853098
AT4G31860,AT4G31860_ID2,480.59258100000005
AT1G08630,AT1G08630_JC3,480.55404
AT1G27590,AT1G27590.1,479.04278999999997
AT1G64640,AT1G64640_ID2,478.88617
AT2G26980,AT2G26980_JS14,478.37633000000005
AT3G51950,AT3G51950_P3,475.47593200000006
AT5G51410,AT5G51410_P2,474.85724300000004
AT2G21385,AT2G21385_ID94,474.56341999999995
AT1G01720,AT1G01720_ID2,474.350707
AT3G16450,AT3G16450.1,472.46268399999997
AT3G44300,AT3G44300_ID4,471.23964
AT3G12090,AT3G12090_ID4,469.77496499999995
AT1G48430,AT1G48430_ID4,467.752826
AT1G11260,AT1G11260_s1,467.691337
AT5G56530,AT5G56530_P1,466.21920900000003
AT5G25540,AT5G25540_P2,464.329845
AT1G43670,AT1G43670_ID24,461.742275
AT4G35410,AT4G35410_ID1,458.297933
AT5G07440,AT5G07440_P3,457.506845
AT2G17990,AT2G17990_P2,457.250015
AT3G04500,AT3G04500_P3,456.608433
AT3G43540,AT3G43540_P2,456.37280499999997
AT1G31600,AT1G31600_P1,455.98735500000004
AT4G25640,AT4G25640_P3,455.67858299999995
AT5G48620,AT5G48620_P1,453.00392999999997
AT1G01020,AT1G01020_P3,451.58372700000007
AT2G45830,AT2G45830_P2,450.675304
AT1G33050,AT1G33050_P6,448.528319
AT1G05890,AT1G05890_s1,447.10732499999995
AT5G36170,AT5G36170_ID10,447.095838
AT1G10570,AT1G10570_P3,446.62875399999996
AT3G20810,AT3G20810_ID9,445.79770399999995
AT1G53400,AT1G53400_ID1,445.35488399999997
AT1G13220,AT1G13220_s2,444.98362699999996
AT1G67080,AT1G67080_P2,444.703281
AT1G78870,AT1G78870_P3,444.366241
AT1G07350,AT1G07350_P4,442.43198300000006
AT2G22980,AT2G22980_ID18,439.64676699999995
AT1G80380,AT1G80380_P5,438.772605
AT1G56612,AT1G56612_ID2,438.500032
AT1G31860,AT1G31860_P2,437.957056
AT3G59320,AT3G59320_P2,435.798585
AT1G77180,AT1G77180_P2,435.67563499999994
AT5G37310,AT5G37310_P2,435.1021310000001
AT3G45240,AT3G45240_P1,433.839948
AT3G61010,AT3G61010_ID77,431.286509
AT4G20930,AT4G20930_JS3,430.178845
AT1G22740,AT1G22740_ID5,429.19599700000003
AT1G22740,AT1G22740_ID3,429.07801299999994
AT2G16940,AT2G16940_s7,428.251484
AT4G32850,AT4G32850_P10,428.22621999999996
AT1G80980,AT1G80980_P1,426.467588
AT3G26450,AT3G26450_ID1,425.306471
AT2G31150,AT2G31150_ID1,422.840488
AT2G05185,AT2G05185_ID4,422.525985
AT4G16520,AT4G16520_P3,421.67955399999994
AT3G26690,AT3G26690_P2,419.737261
AT1G72770,AT1G72770_P2,418.39240100000006
AT2G22980,AT2G22980_ID39,416.608181
AT1G76050,AT1G76050_ID3,416.032423
AT2G02080,AT2G02080_P3,413.6047659999999
AT2G33480,AT2G33480_ID4,413.60017200000004
AT2G36390,AT2G36390_ID18,410.817274
AT2G03640,AT2G03640_s1,410.277111
AT5G41210,AT5G41210_ID2,408.577403
AT3G43690,AT3G43690.1,408.289076
AT4G24060,AT4G24060_ID4,404.678108
AT3G43740,AT3G43740_P2,400.98972
AT5G27950,AT5G27950_c1,399.92339100000004
AT4G30310,AT4G30310_P4,398.351685
AT1G53780,AT1G53780_P4,395.565795
AT2G16940,AT2G16940_P4,394.44514000000004
AT3G04730,AT3G04730_ID1,393.927253
AT1G69450,AT1G69450_P3,393.20524
AT2G32320,AT2G32320.2,392.614598
AT2G30500,AT2G30500_P1,390.863702
AT3G45290,AT3G45290_ID8,389.375551
AT3G06510,AT3G06510_ID6,388.831002
AT3G61850,AT3G61850_P2,388.759276
AT5G60890,AT5G60890_JS1,387.560999
AT3G13224,AT3G13224_P1,387.406942
AT5G14500,AT5G14500_c1,386.358346
AT5G66930,AT5G66930_ID1,385.86070800000005
AT5G43600,AT5G43600_ID6,385.73759099999995
AT1G58602,AT1G58602_JC7,385.26426100000003
AT3G55770,AT3G55770_P4,385.245207
AT1G10910,AT1G10910_P2,385.00383700000003
AT2G25930,AT2G25930_JC4,384.39826800000003
AT1G20920,AT1G20920_P7,383.46038
AT4G29330,AT4G29330_P2,382.53558200000003
AT3G09410,AT3G09410_ID12,382.357052
AT1G53510,AT1G53510_c2,381.634445
AT5G26980,AT5G26980_ID10,379.789536
AT2G26280,AT2G26280_P6,377.129063
AT5G18100,AT5G18100_ID5,374.860825
AT4G03190,AT4G03190_ID2,374.619011
AT3G56130,AT3G56130.2,374.59074499999997
AT2G43400,AT2G43400_ID36,373.142611
AT3G57470,AT3G57470_JS11,372.553549
AT3G53500,AT3G53500_CR4,372.142415
AT1G73990,AT1G73990_P2,371.54681899999997
AT5G55790,AT5G55790_P2,371.413279
AT3G60250,AT3G60250_P3,371.23241499999995
AT1G77210,AT1G77210_P3,371.00628000000006
AT5G58410,AT5G58410_c1,367.776317
AT3G02690,AT3G02690_ID9,367.39693199999994
AT5G25560,AT5G25560_ID13,367.14009599999997
AT5G49740,AT5G49740_P3,367.0598970000001
AT3G13340,AT3G13340_P2,367.00209
AT1G30270,AT1G30270_P3,364.81161799999995
AT5G09880,AT5G09880_JC9,364.591751
AT4G25500,AT4G25500_CR3,364.350356
AT4G38360,AT4G38360_ID10,363.224737
AT5G52040,AT5G52040_P5,363.01698600000003
AT1G02850,AT1G02850_P5,361.96384100000006
AT2G39580,AT2G39580_c1,361.45442
AT1G08660,AT1G08660_P2,361.05965599999996
AT1G04080,AT1G04080_s3,360.934941
AT4G33100,AT4G33100_ID2,360.776168
AT4G32850,AT4G32850_P4,360.64423800000003
AT5G57565,AT5G57565_P6,360.166608
AT3G63260,AT3G63260_P2,359.797076
AT4G00040,AT4G00040_ID1,359.569706
AT5G06690,AT5G06690_P2,358.06585299999995
AT4G37409,AT4G37409_ID2,354.93560699999995
AT3G55850,AT3G55850_P3,353.84669099999996
AT4G37460,AT4G37460_P2,350.38966300000004
AT3G13450,AT3G13450_ID5,349.82466900000003
AT3G53970,AT3G53970_P2,347.817492
AT3G58220,AT3G58220_P1,347.685118
AT3G02300,AT3G02300_ID3,347.66359400000005
AT5G07100,AT5G07100_P5,347.505129
AT1G30590,AT1G30590_ID8,346.48722
AT5G58350,AT5G58350.1,344.595991
AT2G01220,AT2G01220_ID12,343.240578
AT1G79790,AT1G79790_P2,342.999897
AT2G03780,AT2G03780_P2,341.678391
AT5G63460,AT5G63460_s1,341.186369
AT1G04300,AT1G04300_ID71,340.506222
AT3G06380,AT3G06380_ID1,340.07811200000003
AT3G27060,AT3G27060_ID2,339.881793
AT3G61180,AT3G61180_ID2,339.542382
AT1G30840,AT1G30840_P1,339.492366
AT5G63160,AT5G63160_s3,338.99057500000004
AT3G53500,AT3G53500_CR3,338.337681
AT4G36730,AT4G36730_ID6,337.993741
AT5G06290,AT5G06290_P2,334.937622
AT3G46210,AT3G46210_JC2,333.617092
AT2G14045,AT2G14045_P4,333.578234
AT2G26650,AT2G26650_P1,332.371404
AT4G12760,AT4G12760_ID5,331.65402
AT3G24100,AT3G24100_s1,331.271253
AT1G79700,AT1G79700_ID6,331.263802
AT2G37340,AT2G37340_CR1,330.2783
AT4G36190,AT4G36190_ID8,327.727858
AT4G00710,AT4G00710_P2,327.609634
AT2G11280,AT2G11280_s3,325.77315899999996
AT5G56380,AT5G56380_P1,325.370772
AT5G27410,AT5G27410_c1,324.781931
AT1G70620,AT1G70620_P7,324.46124499999996
AT5G24620,AT5G24620_P3,324.046723
AT3G47340,AT3G47340.3,322.748128
AT5G56650,AT5G56650_P2,322.08027699999997
AT1G80770,AT1G80770_P4,322.04665700000004
AT1G09230,AT1G09230_ID8,321.438328
AT4G24450,AT4G24450_P1,319.49224100000004
AT4G13030,AT4G13030_ID4,319.440051
AT4G38470,AT4G38470_P2,318.26596
AT3G18680,AT3G18680_P2,317.141914
AT4G32180,AT4G32180_ID2,316.868783
AT1G19485,AT1G19485_JS3,316.716729
AT4G33625,AT4G33625_c1,316.622522
AT1G10910,AT1G10910_ID6,316.224239
AT4G30630,AT4G30630_P2,316.184165
AT3G59470,AT3G59470_P1,316.060753
AT1G20920,AT1G20920_P5,315.90452400000004
AT1G16180,AT1G16180_JS3,314.73686699999996
AT1G80160,AT1G80160_s1,314.66612899999996
AT1G72650,AT1G72650_ID32,312.714359
AT2G45990,AT2G45990.4,312.70703799999995
AT5G58720,AT5G58720_ID16,312.371038
AT4G08290,AT4G08290_P2,311.769255
AT3G07215,AT3G07215_ID4,311.403614
AT3G26720,AT3G26720_P5,309.420649
AT5G48545,AT5G48545_ID10,306.15627600000005
AT5G04430,AT5G04430_JS1,306.07931899999994
AT1G12440,AT1G12440_P2,305.836215
AT4G12030,AT4G12030_P1,303.949878
AT2G26980,AT2G26980_ID6,303.35678399999995
AT1G63420,AT1G63420_ID1,302.522427
AT5G05310,AT5G05310_P4,302.083196
AT4G30690,AT4G30690_ID4,301.536528
AT5G28640,AT5G28640_s1,301.229246
AT4G24750,AT4G24750_ID28,300.432408
AT2G01735,AT2G01735_P2,299.974436
AT1G30590,AT1G30590_ID6,299.815023
AT3G14610,AT3G14610_P1,295.499594
AT4G30580,AT4G30580_ID3,294.557705
AT5G05000,AT5G05000_P3,294.204001
AT4G15010,AT4G15010_P2,294.03797000000003
AT3G14150,AT3G14150_P3,293.934452
AT5G03240,AT5G03240_P2,292.737964
AT1G59750,AT1G59750_ID35,292.480143
AT2G38820,AT2G38820_P1,290.88147100000003
AT5G03905,AT5G03905_ID3,289.50712699999997
AT3G15120,AT3G15120_P2,288.765973
AT2G23790,AT2G23790_ID3,288.72359400000005
AT1G22640,AT1G22640_P2,288.407761
AT2G06010,AT2G06010_ID5,288.24637399999995
AT4G36980,AT4G36980_ID22,288.12163200000003
AT1G49010,AT1G49010_ID1,288.115377
AT3G22460,AT3G22460_ID13,287.364371
AT3G60140,AT3G60140_P2,287.226678
AT5G27730,AT5G27730_ID1,286.96797799999996
AT3G20810,AT3G20810_s4,285.67233200000004
AT1G67300,AT1G67300_ID15,285.47242700000004
AT1G31175,AT1G31175_P1,285.000059
AT2G26030,AT2G26030_P1,283.89200999999997
AT4G11160,AT4G11160_P3,283.88972
AT4G20930,AT4G20930_s1,282.104902
AT5G15270,AT5G15270_P2,281.692956
AT4G35300,AT4G35300_ID28,281.370003
AT1G54380,AT1G54380_c3,279.140523
AT1G27290,AT1G27290_ID2,278.920379
AT3G10350,AT3G10350_ID4,278.74951699999997
AT3G53100,AT3G53100_ID3,278.460279
AT2G45510,AT2G45510_ID6,278.100274
AT1G25098,AT1G25098_ID3,277.90754200000003
AT3G10160,AT3G10160_ID3,277.760651
AT4G29890,AT4G29890_ID6,277.39091399999995
AT1G06230,AT1G06230_P2,277.32725400000004
AT2G33540,AT2G33540_P2,276.60618000000005
AT4G00355,AT4G00355_P3,276.323893
AT2G14260,AT2G14260_P2,276.14811599999996
AT1G48430,AT1G48430_ID8,273.614859
AT3G61010,AT3G61010_ID80,273.541585
AT3G56140,AT3G56140_ID2,273.146511
AT1G49340,AT1G49340_P2,272.49855
AT5G37260,AT5G37260_ID3,272.49662700000005
AT5G44090,AT5G44090_JS2,271.36763999999994
AT2G44160,AT2G44160_ID14,271.262276
AT2G34260,AT2G34260_ID1,271.236542
AT3G26085,AT3G26085_ID10,270.52396
AT5G09410,AT5G09410_P4,270.225903
AT1G08640,AT1G08640_s1,267.864744
AT2G35330,AT2G35330_P1,267.813896
AT5G16800,AT5G16800_P1,267.520877
AT2G29420,AT2G29420_ID1,267.23909100000003
AT1G80420,AT1G80420_P5,267.099736
AT5G48220,AT5G48220_P2,266.662197
AT1G79245,AT1G79245_s7,266.06547
AT1G63690,AT1G63690_s1,264.278171
AT1G02850,AT1G02850_P3,264.115782
AT5G40910,AT5G40910_P8,263.923496
AT1G77080,AT1G77080_ID21,263.01624300000003
AT5G62950,AT5G62950_P4,262.718261
AT5G47620,AT5G47620_P5,262.545687
AT2G40110,AT2G40110_ID4,262.509698
AT2G44670,AT2G44670_ID1,261.371984
AT1G19540,AT1G19540_ID2,260.773371
AT5G05980,AT5G05980_ID2,260.174198
AT1G53440,AT1G53440_ID2,260.145543
AT5G66030,AT5G66030_ID118,260.082598
AT3G10420,AT3G10420.1,260.03473099999997
AT3G62900,AT3G62900_P2,259.833791
AT3G05210,AT3G05210_P2,259.818575
AT3G23640,AT3G23640_ID3,258.773551
AT2G19540,AT2G19540_ID3,257.182352
AT4G31410,AT4G31410_ID2,257.117575
AT5G65860,AT5G65860_ID1,257.08532399999996
AT5G11950,AT5G11950_P4,257.075822
AT1G44750,AT1G44750_P2,256.49957700000004
AT1G65960,AT1G65960_P3,254.93865900000003
AT2G04690,AT2G04690_P5,253.87842600000002
AT2G14255,AT2G14255_ID40,253.732829
AT3G11560,AT3G11560_ID13,253.688196
AT3G57050,AT3G57050_P5,253.460228
AT5G67385,AT5G67385_P3,252.95427099999998
AT3G06290,AT3G06290_JS20,252.645462
AT3G25840,AT3G25840_P2,252.575311
AT3G14205,AT3G14205_P2,252.26726200000002
AT4G30550,AT4G30550_JS2,251.719062
AT1G59990,AT1G59990_P2,251.71759800000004
AT3G11280,AT3G11280_ID2,251.120268
AT4G26700,AT4G26700_P5,251.04842399999998
AT1G55110,AT1G55110_P2,250.14566299999998
AT4G01593,AT4G01593.1,250.044367
AT2G01420,AT2G01420_P3,247.950916
AT5G41370,AT5G41370_ID27,247.23000100000002
AT5G61380,AT5G61380_s1,246.871341
AT3G02510,AT3G02510_P3,246.867733
AT5G66030,AT5G66030_ID125,246.65330500000002
AT2G02570,AT2G02570_ID36,245.58347999999998
AT1G62200,AT1G62200_ID3,245.481207
AT2G29140,AT2G29140_ID2,245.27568100000002
AT4G22505,AT4G22505_P1,245.24355099999997
AT1G80040,AT1G80040_P4,245.23157899999998
AT3G47680,AT3G47680_c1,245.173752
AT1G04300,AT1G04300_ID41,242.948294
AT1G06060,AT1G06060_P2,242.78963099999999
AT4G25880,AT4G25880_ID32,242.684305
AT1G71340,AT1G71340_ID4,242.261815
AT3G26950,AT3G26950_ID6,242.256111
AT1G14685,AT1G14685_s2,241.986527
AT1G79700,AT1G79700_ID3,241.781606
AT2G46580,AT2G46580_ID2,241.5855
AT2G47700,AT2G47700_P2,240.99745499999997
AT4G18970,AT4G18970_ID3,240.78054600000002
AT1G18070,AT1G18070_s1,239.824689
AT3G10250,AT3G10250_P3,239.64196400000003
AT4G02430,AT4G02430_ID3,239.05388499999998
AT5G02810,AT5G02810_c2,238.235592
AT1G02120,AT1G02120_ID36,237.980459
AT3G06500,AT3G06500_ID6,237.960093
AT4G18140,AT4G18140_P5,237.45136399999998
AT2G42880,AT2G42880_P2,237.291067
AT1G69250,AT1G69250_P2,236.620701
AT3G14310,AT3G14310_ID4,236.459089
AT5G18310,AT5G18310_P4,236.18460299999998
AT2G27840,AT2G27840_ID4,236.150845
AT1G01040,AT1G01040.2,235.601363
AT3G48110,AT3G48110_JS13,235.552801
AT3G13445,AT3G13445_ID8,233.949594
AT5G65000,AT5G65000.2,233.883181
AT2G02560,AT2G02560_P1,233.190861
AT1G17280,AT1G17280_s1,232.84603299999998
AT5G58140,AT5G58140_P3,232.683233
AT4G33910,AT4G33910_ID1,232.27973000000003
AT3G17390,AT3G17390_JC1,231.70921099999998
AT5G02020,AT5G02020_s1,231.627463
AT1G73920,AT1G73920_ID4,231.377803
AT5G01960,AT5G01960_ID4,231.075858
AT4G18140,AT4G18140_P4,230.479252
AT5G03830,AT5G03830_s1,229.897134
AT3G21250,AT3G21250_P2,229.865186
AT1G15420,AT1G15420_P2,229.094163
AT4G04955,AT4G04955_ID3,228.35035999999997
AT5G17440,AT5G17440_s5,228.17624
AT2G25850,AT2G25850_ID90,227.96555999999998
AT2G02060,AT2G02060_P1,227.83792100000002
AT1G76520,AT1G76520_ID25,227.44629300000003
AT3G02250,AT3G02250_P1,227.32545899999997
AT5G04710,AT5G04710_ID4,227.209669
AT5G62130,AT5G62130_P4,227.20627
AT3G13740,AT3G13740_P4,226.85762499999998
AT3G28690,AT3G28690_P1,226.661996
AT5G14720,AT5G14720_ID4,226.367882
AT5G65740,AT5G65740_P3,226.292279
AT5G19450,AT5G19450_JS1,226.206593
AT5G46190,AT5G46190_P2,225.185833
AT4G33625,AT4G33625_ID1,225.00780500000002
AT3G54230,AT3G54230_P3,224.988953
AT3G27420,AT3G27420_ID1,224.64861100000002
AT2G29340,AT2G29340_P3,224.195339
AT3G57930,AT3G57930_P2,223.96471599999998
AT2G04039,AT2G04039_ID2,223.888626
AT1G18270,AT1G18270_P4,223.360951
AT5G53550,AT5G53550_P6,223.323427
AT1G80050,AT1G80050_ID6,222.98977599999998
AT4G32760,AT4G32760_P3,222.56034499999998
AT1G68490,AT1G68490_ID2,222.46446799999998
AT5G26180,AT5G26180_P3,222.05455100000003
AT3G61860,AT3G61860_s1,221.875045
AT3G07280,AT3G07280.1,221.718723
AT2G31970,AT2G31970_ID1,221.70615
AT2G42270,AT2G42270_c1,221.436935
AT5G14210,AT5G14210_ID2,221.43162599999997
AT2G37450,AT2G37450_P3,221.37523800000002
AT1G68660,AT1G68660_ID2,221.19764400000003
AT1G51160,AT1G51160_s1,221.00918099999998
AT3G05932,AT3G05932.1,220.56559800000002
AT2G25590,AT2G25590_ID50,220.307289
AT2G36680,AT2G36680_P3,220.27700800000002
AT1G65845,AT1G65845_ID2,219.30257
AT1G48310,AT1G48310_s1,218.989803
AT1G20560,AT1G20560_ID2,218.016877
AT2G33620,AT2G33620_P2,217.99067
AT1G77530,AT1G77530_ID1,217.814066
AT1G01260,AT1G01260_P1,217.50638
AT2G17975,AT2G17975_ID3,217.48225100000002
AT1G76940,AT1G76940_P3,217.220412
AT5G22040,AT5G22040_P2,216.788861
AT5G11200,AT5G11200_s2,216.67573699999997
AT2G32700,AT2G32700_ID20,216.388513
AT5G50000,AT5G50000_P2,216.29190599999998
AT2G39580,AT2G39580_JS12,216.175452
AT3G51950,AT3G51950_ID6,216.15324199999998
AT4G16860,AT4G16860_ID12,215.13458599999998
AT1G54370,AT1G54370_ID179,214.57299000000003
AT1G09570,AT1G09570_P3,214.572162
AT4G35090,AT4G35090.2,214.388504
AT5G06265,AT5G06265_P2,213.840981
AT2G25590,AT2G25590_ID25,213.433071
AT3G47250,AT3G47250_ID2,212.976232
AT5G57150,AT5G57150_ID6,212.922176
AT3G19010,AT3G19010.2,212.468635
AT1G26440,AT1G26440_P8,212.32381
AT5G15230,AT5G15230_P2,212.135051
AT1G15960,AT1G15960_ID1,211.446898
AT3G01310,AT3G01310_P3,211.216685
AT1G79700,AT1G79700_P4,211.02089099999998
AT1G58602,AT1G58602_JS24,210.46972799999998
AT4G13460,AT4G13460_P2,209.751867
AT3G51830,AT3G51830_ID23,209.424974
AT5G46210,AT5G46210_ID11,209.03456999999997
AT1G68580,AT1G68580_s1,208.76475499999998
AT3G05165,AT3G05165_JS16,208.546769
AT3G51040,AT3G51040_P2,208.28623000000002
AT2G17640,AT2G17640_ID4,208.13972199999998
AT5G49540,AT5G49540_P2,207.651611
AT1G71070,AT1G71070_ID4,207.411864
AT5G48560,AT5G48560_P2,206.82329600000003
AT2G26030,AT2G26030_P2,206.72483300000002
AT5G37260,AT5G37260_ID1,206.559142
AT3G27340,AT3G27340_P4,206.42148400000002
AT5G43440,AT5G43440_P2,205.71592100000004
AT4G38520,AT4G38520_ID6,205.596251
AT1G54340,AT1G54340_P2,204.54853299999996
AT3G24040,AT3G24040_ID3,204.236563
AT1G08890,AT1G08890_P1,204.18780299999997
AT5G04090,AT5G04090_c2,203.685333
AT3G46385,AT3G46385.1,203.679058
AT3G01690,AT3G01690_JS2,202.91290400000003
AT5G14800,AT5G14800_ID10,202.64020299999999
AT2G29890,AT2G29890_JC7,202.28810799999997
AT3G05970,AT3G05970_c1,202.244567
AT3G61870,AT3G61870.2,200.85130999999998
AT5G53130,AT5G53130_ID1,200.73220399999997
AT5G53550,AT5G53550_P5,200.604207
AT3G03380,AT3G03380_ID18,200.01211700000002
AT5G24810,AT5G24810_ID8,198.89138400000002
AT2G47250,AT2G47250_s4,198.60726399999996
AT3G06110,AT3G06110_ID2,198.446237
AT2G43760,AT2G43760_ID1,198.25101099999998
AT1G06410,AT1G06410_P2,197.658175
AT4G01330,AT4G01330_ID3,197.084774
AT3G01210,AT3G01210_ID2,197.04538300000002
AT3G16940,AT3G16940_P2,196.8922
AT1G07110,AT1G07110_JS4,196.553751
AT1G03210,AT1G03210_ID4,196.35118999999997
AT4G31050,AT4G31050_ID2,196.05195
AT5G13840,AT5G13840.1,195.99585100000002
AT1G04300,AT1G04300.2,195.66127600000002
AT3G20230,AT3G20230_ID1,195.354311
AT1G72070,AT1G72070_ID1,195.213861
AT5G60170,AT5G60170_ID31,194.92187599999997
AT4G16680,AT4G16680_P2,194.83874500000002
AT2G42330,AT2G42330_P2,194.796127
AT3G66654,AT3G66654_P3,194.72984
AT1G16610,AT1G16610_P6,194.639473
AT5G53900,AT5G53900_P1,194.407184
AT5G57850,AT5G57850_P2,194.038135
AT1G77080,AT1G77080_s4,193.88779100000002
AT1G29030,AT1G29030_P1,193.805681
AT2G02180,AT2G02180_ID2,193.54809899999998
AT3G22190,AT3G22190_P3,193.47029700000002
AT4G12560,AT4G12560_P2,192.92384
AT3G04940,AT3G04940_P2,192.708338
AT1G14120,AT1G14120_c1,191.895225
AT3G15351,AT3G15351_P5,191.578856
AT1G74790,AT1G74790_ID4,191.502296
AT5G52040,AT5G52040_ID10,191.353051
AT1G24350,AT1G24350_ID4,191.228203
AT4G02430,AT4G02430_CR1,190.757178
AT5G06060,AT5G06060_c2,190.70430399999998
AT1G08110,AT1G08110_P2,190.674478
AT5G65400,AT5G65400_c1,190.00122900000002
AT5G22050,AT5G22050_ID3,189.99779
AT2G10940,AT2G10940.2,189.91923900000003
AT1G49590,AT1G49590_ID3,189.90558600000003
AT4G23330,AT4G23330_P3,189.83072399999998
AT1G18650,AT1G18650_ID2,189.80067
AT5G35210,AT5G35210_ID13,189.759869
AT4G20380,AT4G20380_P9,189.01842199999996
AT1G19080,AT1G19080_ID4,188.755458
AT1G63800,AT1G63800_P2,188.719143
AT2G16720,AT2G16720_ID1,188.628724
AT2G46610,AT2G46610_CR3,188.20175700000001
AT3G52120,AT3G52120_ID7,188.031634
AT2G27500,AT2G27500.3,187.942628
AT3G29130,AT3G29130_P5,187.753177
AT2G41060,AT2G41060_JC6,187.566784
AT3G18035,AT3G18035_P2,187.21009600000002
AT5G65770,AT5G65770_P1,186.62054600000002
AT1G76705,AT1G76705_JS6,186.03149499999998
AT5G11330,AT5G11330_ID8,185.880359
AT3G58900,AT3G58900_P1,185.575828
AT1G60270,AT1G60270_s3,185.264568
AT3G51860,AT3G51860_JS5,185.23378200000002
AT3G55450,AT3G55450_ID2,185.114241
AT1G03520,AT1G03520_ID4,185.101733
AT1G17145,AT1G17145_ID4,185.087252
AT3G57230,AT3G57230_P3,185.07293099999998
AT2G47210,AT2G47210_P1,184.343272
AT1G50300,AT1G50300_ID7,184.29649
AT5G03900,AT5G03900_P1,184.162492
AT3G01200,AT3G01200_c1,183.72620799999999
AT5G62720,AT5G62720_JS3,183.45742099999998
AT3G45070,AT3G45070_P2,183.30015899999998
AT5G53550,AT5G53550_P4,183.175
AT1G22403,AT1G22403.2,182.821521
AT3G26922,AT3G26922_P1,182.76217900000003
AT3G01790,AT3G01790_c1,182.61496499999998
AT3G23050,AT3G23050_s1,182.43485300000003
AT1G16960,AT1G16960_ID1,182.25061800000003
AT3G56450,AT3G56450_ID69,181.926602
AT4G38280,AT4G38280_ID1,181.849649
AT5G53850,AT5G53850_P4,181.84165
AT5G59350,AT5G59350_s2,181.643626
AT1G77220,AT1G77220_P2,181.407753
AT4G30900,AT4G30900_P2,181.22336
AT5G03700,AT5G03700_P1,180.655005
AT3G19150,AT3G19150_P3,180.377706
AT2G31510,AT2G31510_P2,180.05479200000002
AT4G10610,AT4G10610.2,179.713592
AT3G10405,AT3G10405_ID2,179.634248
AT5G22050,AT5G22050_ID1,179.63305200000002
AT5G27380,AT5G27380_ID4,179.00933099999997
AT1G01160,AT1G01160_s1,178.980221
AT3G53570,AT3G53570_P1,178.819944
AT1G17760,AT1G17760_ID4,178.63339
AT1G04985,AT1G04985_P2,178.556479
AT3G49680,AT3G49680_JS1,178.55167899999998
AT5G50160,AT5G50160_P2,178.49567699999997
AT5G66880,AT5G66880_s1,177.985024
AT4G02520,AT4G02520_ID3,177.535059
AT4G16480,AT4G16480_P1,177.19712699999997
AT5G65060,AT5G65060_ID6,177.15466700000002
AT4G36980,AT4G36980_ID24,176.72122900000002
AT1G20160,AT1G20160_P1,176.653151
AT1G78490,AT1G78490_P2,176.63671
AT4G01450,AT4G01450_P4,176.625181
AT5G05410,AT5G05410_ID2,176.344253
AT3G05880,AT3G05880_ID2,176.245442
AT2G39010,AT2G39010_P2,175.91499900000002
AT5G08350,AT5G08350_ID1,175.892609
AT3G56860,AT3G56860_P10,175.84022500000003
AT2G37150,AT2G37150_JC2,175.47506900000002
AT4G07507,AT4G07507_JC15,174.979656
AT5G25610,AT5G25610_s1,174.674544
AT3G11410,AT3G11410_ID2,174.645045
AT3G01390,AT3G01390_P2,174.343642
AT3G52120,AT3G52120_ID8,174.205065
AT3G14010,AT3G14010_ID15,174.142324
AT5G03630,AT5G03630_s1,173.87603000000001
AT3G55630,AT3G55630_ID114,173.86350099999999
AT5G26980,AT5G26980.2,173.84536500000002
AT4G15080,AT4G15080_P2,173.29754
AT2G41230,AT2G41230_P1,173.15177
AT2G17710,AT2G17710_ID1,173.13482299999998
AT4G25690,AT4G25690.1,172.91328499999997
AT5G42765,AT5G42765_ID1,172.82793999999998
AT5G26751,AT5G26751_s1,172.63444500000003
AT1G15280,AT1G15280_ID15,172.45593499999998
AT3G46960,AT3G46960_P2,172.321219
AT1G66760,AT1G66760_P3,172.298709
AT2G25760,AT2G25760_ID2,172.272061
AT5G43403,AT5G43403_ID2,171.951616
AT1G26440,AT1G26440_P7,171.567407
AT3G15590,AT3G15590_P2,171.49937
AT3G54620,AT3G54620_c3,171.269095
AT2G25950,AT2G25950_ID5,171.008256
AT1G49360,AT1G49360_ID4,170.920312
AT3G25530,AT3G25530_P3,170.441813
AT1G75500,AT1G75500_c1,170.199169
AT4G17460,AT4G17460_ID3,169.74242999999998
AT1G05570,AT1G05570_P1,169.60893499999997
AT1G12520,AT1G12520_P2,169.46242999999998
AT5G01750,AT5G01750_P1,169.195378
AT1G09140,AT1G09140_CR3,169.002667
AT2G17320,AT2G17320_ID52,168.94559999999998
AT5G62880,AT5G62880_ID10,168.897074
AT2G43070,AT2G43070_s1,168.857324
AT5G45140,AT5G45140_s4,168.54997199999997
AT1G07940,AT1G07940_P3,168.516662
AT1G77480,AT1G77480_P2,168.32950300000002
AT2G03390,AT2G03390_P4,168.266724
AT3G26680,AT3G26680_P2,168.151485
AT5G38030,AT5G38030_ID2,168.09241000000003
AT3G45190,AT3G45190_s1,167.901795
AT5G18040,AT5G18040_P2,167.566065
AT3G54970,AT3G54970_P6,167.25337299999998
AT3G01490,AT3G01490_P2,166.76532699999998
AT5G19900,AT5G19900_P3,166.47555699999998
AT3G50750,AT3G50750_ID2,166.030372
AT4G03415,AT4G03415_P2,165.82251800000003
AT1G79520,AT1G79520_P3,165.315699
AT5G65575,AT5G65575_ID2,165.161202
AT3G45443,AT3G45443_ID2,165.10304499999998
AT3G01770,AT3G01770_P2,165.067195
AT2G45740,AT2G45740_ID6,164.99471400000002
AT1G29410,AT1G29410_P2,164.779577
AT1G56610,AT1G56610_P1,164.29625800000002
AT4G04810,AT4G04810_P2,164.216931
AT1G16710,AT1G16710_P9,164.055465
AT3G62310,AT3G62310_ID8,163.905735
AT3G01590,AT3G01590_ID14,163.711373
AT1G80650,AT1G80650_ID2,163.70640300000002
AT3G02510,AT3G02510.2,163.578514
AT1G31850,AT1G31850.2,163.38727699999998
AT2G04360,AT2G04360_P2,163.15439600000002
AT5G58510,AT5G58510_ID128,163.07243599999998
AT3G13225,AT3G13225_P1,163.062446
AT2G37025,AT2G37025_P2,163.048494
AT4G01290,AT4G01290_ID10,162.82534700000002
AT1G75295,AT1G75295_ID25,162.359779
AT3G05545,AT3G05545_ID8,162.012123
AT1G13700,AT1G13700_ID4,161.114377
AT3G55400,AT3G55400_P2,161.06841899999998
AT1G03410,AT1G03410.1,160.889926
AT3G49140,AT3G49140_ID8,160.74768
AT2G36250,AT2G36250_P3,160.64688700000002
AT1G58602,AT1G58602_JS28,160.594133
AT5G44930,AT5G44930_ID8,160.560291
AT5G64830,AT5G64830_P3,160.39512499999998
AT4G14410,AT4G14410_ID4,159.640832
AT1G76720,AT1G76720_JC34,159.47209900000001
AT5G65210,AT5G65210_P2,159.260928
AT3G49140,AT3G49140_ID5,159.23279300000002
AT5G66055,AT5G66055_ID3,159.15337599999998
AT2G38710,AT2G38710_P2,159.08947799999999
AT1G33970,AT1G33970_P2,158.921945
AT2G43235,AT2G43235_ID4,158.72933
AT4G38090,AT4G38090.3,158.709344
AT1G21350,AT1G21350_P1,158.684446
AT3G26020,AT3G26020_P5,158.540837
AT2G43410,AT2G43410_P4,158.534103
AT1G21840,AT1G21840_P1,158.405437
AT5G58300,AT5G58300_c3,158.275931
AT2G27500,AT2G27500.2,158.232519
AT5G07630,AT5G07630_ID26,158.214019
AT4G02760,AT4G02760_ID4,158.16683
AT3G57800,AT3G57800_ID9,157.887358
AT5G54250,AT5G54250_P1,157.483337
AT5G24530,AT5G24530_s1,157.46594199999998
AT1G31120,AT1G31120_P1,157.420384
AT3G23810,AT3G23810_ID1,157.38207599999998
AT5G03880,AT5G03880_s1,157.345913
AT2G02020,AT2G02020_ID2,157.29735599999998
AT3G19900,AT3G19900_P2,157.26322199999998
AT1G16040,AT1G16040_JS2,157.21202
AT2G27190,AT2G27190_ID2,156.84550099999998
AT4G06701,AT4G06701_ID1,156.80301200000002
AT5G18630,AT5G18630_ID177,156.710749
AT4G39850,AT4G39850_P4,156.344481
AT3G23560,AT3G23560_P2,156.14919100000003
AT4G03390,AT4G03390_P2,156.079383
AT3G28270,AT3G28270_P1,155.87836299999998
AT1G28520,AT1G28520_ID8,155.551812
AT1G31160,AT1G31160_ID1,154.73623
AT1G20225,AT1G20225_JS1,154.36928600000002
AT3G03040,AT3G03040_ID5,153.925346
AT3G14150,AT3G14150_P5,153.85520000000002
AT2G01070,AT2G01070_ID1,153.673066
AT3G56860,AT3G56860_P8,153.66166900000002
AT1G04970,AT1G04970_P3,153.58057699999998
AT5G16715,AT5G16715_ID23,153.34715899999998
AT1G46554,AT1G46554.1,153.308516
AT2G41540,AT2G41540.2,153.198914
AT2G34070,AT2G34070_P2,153.13747899999998
AT5G22875,AT5G22875_P3,153.107547
AT5G38890,AT5G38890_ID2,153.03699799999998
AT1G19394,AT1G19394_ID1,152.928798
AT5G15700,AT5G15700_P1,152.90942400000003
AT5G04920,AT5G04920_ID9,152.733991
AT1G28620,AT1G28620_JC13,152.66696000000002
AT2G16930,AT2G16930_P4,152.31572999999997
AT2G44090,AT2G44090_P3,152.127081
AT5G22270,AT5G22270_ID1,151.820185
AT1G50440,AT1G50440_ID14,151.662093
AT2G37760,AT2G37760_P6,151.66158099999998
AT1G47860,AT1G47860_s1,151.51524
AT1G28580,AT1G28580_P2,151.494258
AT5G22640,AT5G22640_JS2,151.27858500000002
AT4G05050,AT4G05050_P2,151.15067900000003
AT5G64360,AT5G64360_P2,151.07951
AT1G10200,AT1G10200_P2,150.996798
AT5G42765,AT5G42765_ID4,150.97296699999998
AT1G13990,AT1G13990_ID2,150.540755
AT1G50410,AT1G50410_P4,150.39294999999998
AT3G28070,AT3G28070_P2,150.190341
AT5G58790,AT5G58790_ID3,150.165398
AT1G75850,AT1G75850_c1,150.08639399999998
AT5G06620,AT5G06620_P2,149.70211200000003
AT1G35460,AT1G35460_ID1,149.456882
AT1G10320,AT1G10320_ID1,149.33196
AT3G23980,AT3G23980_c4,149.13488900000002
AT1G07050,AT1G07050_P2,149.07213099999998
AT3G51640,AT3G51640_P2,149.05368500000003
AT1G56010,AT1G56010_P1,148.701815
AT1G44790,AT1G44790_ID1,148.46777500000002
AT1G18250,AT1G18250_P1,148.43261099999998
AT5G07630,AT5G07630_ID25,148.391973
AT2G29490,AT2G29490_ID2,148.27228000000002
AT3G14110,AT3G14110.2,148.17700399999998
AT1G70620,AT1G70620.2,148.023263
AT1G21440,AT1G21440_ID3,147.972172
AT5G03500,AT5G03500_P4,147.95996200000002
AT3G47490,AT3G47490_P6,147.936422
AT3G08040,AT3G08040_P1,147.912376
AT3G48740,AT3G48740_s1,147.36625300000003
AT2G01735,AT2G01735_ID7,147.32530500000001
AT2G42190,AT2G42190_s2,147.29475100000002
AT1G28490,AT1G28490_ID5,147.204883
AT4G27040,AT4G27040_P5,147.161801
AT4G03935,AT4G03935_ID2,147.109598
AT3G57570,AT3G57570_JS2,147.107192
AT3G13226,AT3G13226_ID2,147.041773
AT5G17440,AT5G17440_P2,146.959561
AT1G75980,AT1G75980_ID1,146.87744199999997
AT5G65430,AT5G65430.3,146.86596400000002
AT2G46450,AT2G46450_ID20,146.73899
AT1G18450,AT1G18450_s1,146.501729
AT1G16890,AT1G16890_P1,146.45947
AT2G15080,AT2G15080.2,146.32335799999998
AT4G33180,AT4G33180_s1,146.32042900000002
AT3G55770,AT3G55770.3,146.26903
AT3G50430,AT3G50430_ID12,146.23945600000002
AT5G04280,AT5G04280_s2,146.05965099999997
AT5G18130,AT5G18130.2,145.98377800000003
AT3G18520,AT3G18520_JS9,145.90590500000002
AT1G54820,AT1G54820_P3,145.56383600000004
AT5G11700,AT5G11700_JS2,145.540877
AT4G12290,AT4G12290_P2,145.484267
AT3G12080,AT3G12080_JS4,145.366631
AT5G13240,AT5G13240_ID10,145.12834700000002
AT1G04950,AT1G04950_P3,145.11378200000001
AT1G79810,AT1G79810_ID1,144.959336
AT3G14020,AT3G14020_s2,144.871597
AT5G64240,AT5G64240.1,144.404282
AT5G65240,AT5G65240_ID9,144.107671
AT5G50665,AT5G50665_P5,144.000305
AT3G07215,AT3G07215_c1,143.857746
AT1G12750,AT1G12750_P3,143.71697500000002
AT3G09370,AT3G09370_P2,143.52290299999999
AT1G07890,AT1G07890_P5,143.452411
AT2G41440,AT2G41440_P1,143.43732799999998
AT5G44660,AT5G44660_P2,143.329756
AT2G44680,AT2G44680_P3,142.708948
AT1G26170,AT1G26170_JS2,142.48036000000002
AT3G53270,AT3G53270_P8,142.39620699999998
AT1G58280,AT1G58280_P2,141.998276
AT3G27390,AT3G27390_s1,141.502024
AT2G43210,AT2G43210_JS36,141.293679
AT4G13280,AT4G13280_ID1,141.125071
AT2G40110,AT2G40110_ID5,141.003633
AT4G32660,AT4G32660_ID189,140.917769
AT1G60140,AT1G60140_P3,140.91624
AT1G05840,AT1G05840_ID6,140.756437
AT2G18860,AT2G18860_P3,140.712784
AT4G32440,AT4G32440_ID6,140.590645
AT5G04510,AT5G04510_P2,140.559484
AT2G42240,AT2G42240.2,140.340762
AT5G24680,AT5G24680_ID2,140.220669
AT1G58602,AT1G58602_JS22,140.129812
AT1G54170,AT1G54170_JS2,140.067766
AT3G13240,AT3G13240_P1,140.05510800000002
AT2G41220,AT2G41220_s1,140.053097
AT3G05670,AT3G05670_s2,140.050109
AT4G27090,AT4G27090_s1,139.74879300000003
AT3G54380,AT3G54380_ID8,139.54272
AT5G50970,AT5G50970_ID2,139.248751
AT4G09570,AT4G09570_ID2,139.175874
AT5G08500,AT5G08500_P2,139.173814
AT1G21060,AT1G21060_ID2,138.481009
AT4G16690,AT4G16690_ID1,138.341837
AT5G26800,AT5G26800_s1,138.006671
AT5G62600,AT5G62600_JS2,137.506182
AT4G10710,AT4G10710_c1,137.43516300000002
AT1G80380,AT1G80380_P6,137.295217
AT1G80245,AT1G80245_P4,137.240349
AT1G01770,AT1G01770_ID7,136.99829599999998
AT1G28960,AT1G28960_P1,136.88493100000002
AT2G45810,AT2G45810_ID13,136.84141599999998
AT5G25520,AT5G25520_ID1,136.657241
AT4G38570,AT4G38570_ID16,136.398989
AT3G47550,AT3G47550_P1,136.398419
AT2G40640,AT2G40640_ID7,136.23209200000002
AT3G11230,AT3G11230_ID7,136.049317
AT2G47260,AT2G47260_P1,135.97106599999998
AT3G19290,AT3G19290_c1,135.92355
AT3G56860,AT3G56860_P4,135.85161
AT5G61990,AT5G61990_P1,135.781669
AT2G02710,AT2G02710_P4,135.575109
AT1G63855,AT1G63855_ID9,135.56087200000002
AT4G15880,AT4G15880_JS1,135.460855
AT5G60570,AT5G60570_s3,135.12956300000002
AT4G26970,AT4G26970_ID7,135.12488100000002
AT5G54660,AT5G54660_ID1,135.12029
AT5G18550,AT5G18550_P3,135.022016
AT1G12250,AT1G12250_P3,134.560741
AT2G24550,AT2G24550_ID2,134.404425
AT1G32700,AT1G32700_JS1,134.363576
AT5G24670,AT5G24670_P4,134.339445
AT4G16360,AT4G16360_s1,134.302026
AT1G30130,AT1G30130_P3,134.222119
AT1G08710,AT1G08710_P2,134.159884
AT3G48870,AT3G48870_ID8,134.09421600000002
AT1G17330,AT1G17330_c2,134.027069
AT2G03150,AT2G03150_P2,133.988081
AT5G20610,AT5G20610_ID2,133.826853
AT3G55520,AT3G55520_ID2,133.82580000000002
AT5G27760,AT5G27760_c1,132.800928
AT2G45720,AT2G45720_P2,132.776139
AT5G63530,AT5G63530_s1,132.740638
AT5G15460,AT5G15460_P1,132.634051
AT3G10450,AT3G10450_ID3,132.610749
AT5G36160,AT5G36160_JS1,132.57769299999998
AT3G24740,AT3G24740_P3,132.47664099999997
AT1G22370,AT1G22370_P1,132.336908
AT5G43500,AT5G43500_P3,132.285928
AT4G03510,AT4G03510_P3,132.182887
AT1G12290,AT1G12290_P3,131.958955
AT1G23260,AT1G23260_s1,131.783221
AT3G06550,AT3G06550_P2,131.768045
AT1G21400,AT1G21400_P2,131.499753
AT2G48100,AT2G48100_P5,131.460535
AT3G62970,AT3G62970_P3,131.181728
AT4G06634,AT4G06634.2,131.168751
AT4G30990,AT4G30990_P3,131.164974
AT2G39780,AT2G39780_JS7,131.091923
AT1G29357,AT1G29357_ID6,130.872455
AT2G35510,AT2G35510_ID5,130.822879
AT3G06450,AT3G06450_ID10,130.745566
AT1G80420,AT1G80420_P1,130.653535
AT1G26930,AT1G26930_ID2,130.548882
AT5G48545,AT5G48545_c1,130.48625099999998
AT3G56990,AT3G56990_P2,130.458342
AT3G19460,AT3G19460_P3,130.291036
AT5G54900,AT5G54900_ID9,130.224318
AT2G39630,AT2G39630_P3,130.202094
AT3G57790,AT3G57790_ID2,129.44124
AT2G21195,AT2G21195_ID4,129.35559500000002
AT5G20360,AT5G20360_JS1,129.180627
AT2G25605,AT2G25605_ID4,129.073446
AT5G18230,AT5G18230_P4,128.48353500000002
AT4G19985,AT4G19985_ID5,128.25338100000002
AT4G08930,AT4G08930_ID2,128.22396600000002
AT5G43830,AT5G43830_c1,127.98097099999998
AT5G37370,AT5G37370_JS12,127.375895
AT3G26920,AT3G26920_ID2,127.22722600000002
AT5G06350,AT5G06350_P2,127.22203000000002
AT5G08185,AT5G08185_P8,127.046279
AT3G10380,AT3G10380_P2,126.99795999999999
AT4G14790,AT4G14790_ID2,126.674533
AT1G66750,AT1G66750_ID2,126.574903
AT2G48060,AT2G48060_JC5,126.560978
AT4G28300,AT4G28300_P2,126.17572200000001
AT1G23960,AT1G23960_ID2,126.17160799999999
AT4G32180,AT4G32180.3,125.766787
AT1G04390,AT1G04390_P1,125.763644
AT1G44446,AT1G44446.3,125.447011
AT2G27480,AT2G27480_ID4,125.363447
AT5G05550,AT5G05550_ID3,125.208482
AT3G18930,AT3G18930.2,125.145744
AT3G07180,AT3G07180_ID1,124.994416
AT1G12200,AT1G12200_P2,124.96276399999999
AT1G36070,AT1G36070_ID6,124.91901499999999
AT4G36190,AT4G36190_ID12,124.66833799999999
AT3G58760,AT3G58760_ID5,124.49342899999999
AT1G62310,AT1G62310_JS3,124.479167
AT3G07550,AT3G07550_ID4,124.453457
AT3G12120,AT3G12120_ID1,124.34865200000002
AT5G39040,AT5G39040_P2,124.319257
AT2G17530,AT2G17530_ID4,124.289909
AT3G12810,AT3G12810.1,124.16330599999999
AT4G01250,AT4G01250_ID2,124.15596399999998
AT2G29630,AT2G29630_P4,124.09156
AT5G65970,AT5G65970_P2,123.843866
AT5G08370,AT5G08370_ID4,123.82154200000001
AT2G01450,AT2G01450_ID29,123.715054
AT4G35890,AT4G35890_P2,123.420861
AT3G57190,AT3G57190_ID2,123.38568799999999
AT1G07830,AT1G07830_JS2,123.34249300000002
AT5G64240,AT5G64240_ID2,123.22047599999999
AT2G31190,AT2G31190_ID12,123.17289800000002
AT3G45740,AT3G45740_P2,123.094818
AT3G02600,AT3G02600_ID32,123.093717
AT5G67290,AT5G67290_ID1,123.086038
AT5G15260,AT5G15260_P1,122.919854
AT3G10210,AT3G10210_s1,122.86937300000001
AT5G55970,AT5G55970_P1,122.68890200000001
AT2G32500,AT2G32500_ID4,122.64495600000001
AT2G16750,AT2G16750_ID2,122.641226
AT1G34370,AT1G34370_c2,122.63758099999998
AT1G02960,AT1G02960_P4,122.36941299999998
AT3G17365,AT3G17365_ID1,122.318823
AT3G62080,AT3G62080_ID3,122.15495899999999
AT2G17430,AT2G17430_s1,122.14209400000001
AT2G35630,AT2G35630_s1,122.023796
AT1G07350,AT1G07350_P5,121.758786
AT4G16990,AT4G16990_ID23,121.71932100000001
AT5G66170,AT5G66170_ID1,121.631122
AT1G02010,AT1G02010_P3,121.607517
AT2G13440,AT2G13440_s2,121.35316300000001
AT4G22475,AT4G22475_P2,121.16470000000001
AT1G28330,AT1G28330_ID2,121.00052
AT3G54500,AT3G54500_P2,120.980273
AT2G03150,AT2G03150_s3,120.83451100000002
AT3G62110,AT3G62110_P1,120.13949699999999
AT1G73760,AT1G73760_P2,120.04514099999999
AT5G53850,AT5G53850_P6,119.922093
AT2G32260,AT2G32260_P2,119.87574500000001
AT5G47970,AT5G47970_ID1,119.85700899999998
AT1G63010,AT1G63010_P1,119.838779
AT4G01915,AT4G01915_P2,119.746173
AT1G80380,AT1G80380_P8,119.745178
AT2G17900,AT2G17900_ID2,119.698965
AT5G17550,AT5G17550_P2,119.65598699999998
AT3G02740,AT3G02740_P2,119.407743
AT1G54730,AT1G54730_P7,119.360782
AT2G37840,AT2G37840_P2,119.285031
AT3G57410,AT3G57410_c2,119.235228
AT3G61420,AT3G61420_s4,119.20470399999999
AT3G25540,AT3G25540_P2,119.132236
AT3G58040,AT3G58040_P2,119.083846
AT5G10940,AT5G10940_s5,118.861089
AT2G23760,AT2G23760_P1,118.831372
AT5G13020,AT5G13020_s1,118.757001
AT2G36740,AT2G36740_P2,118.65042700000001
AT4G00180,AT4G00180_P2,118.641362
AT4G34640,AT4G34640_JS1,118.160812
AT3G18500,AT3G18500_c6,118.11515399999999
AT1G05900,AT1G05900_c1,118.054111
AT5G23050,AT5G23050_ID91,118.01472500000001
AT3G15160,AT3G15160_ID9,117.99256200000002
AT1G19270,AT1G19270_P1,117.953934
AT5G57100,AT5G57100_P3,117.926813
AT1G08900,AT1G08900_P5,117.87133200000001
AT4G12990,AT4G12990_s2,117.80795
AT3G55770,AT3G55770_P6,117.717929
AT4G04740,AT4G04740_P1,117.082434
AT1G56170,AT1G56170_P2,116.913387
AT2G26330,AT2G26330_s1,116.83850600000001
AT1G62610,AT1G62610_P4,116.63137499999999
AT4G37080,AT4G37080_s3,116.51232499999999
AT3G46590,AT3G46590_ID26,116.478379
AT3G02550,AT3G02550_ID1,116.42846600000001
AT1G75295,AT1G75295_ID56,116.378406
AT5G43450,AT5G43450_P2,116.369507
AT1G17730,AT1G17730_ID1,116.334826
AT3G17040,AT3G17040_P3,116.31015699999999
AT2G45830,AT2G45830_P1,116.25925
AT1G01240,AT1G01240_P3,116.15021899999999
AT2G35340,AT2G35340_P1,116.147654
AT1G62560,AT1G62560_P2,116.00654899999999
AT1G08230,AT1G08230_P4,115.85924899999999
AT3G05870,AT3G05870_P3,115.79345400000001
AT2G47060,AT2G47060_P6,115.713329
AT5G13590,AT5G13590_P6,115.664894
AT5G35995,AT5G35995_P2,114.99879899999999
AT4G38060,AT4G38060_P1,114.883081
AT1G65280,AT1G65280_P2,114.570743
AT3G56240,AT3G56240_P2,114.51889
AT1G60000,AT1G60000_ID2,114.409616
AT2G04865,AT2G04865_JS2,114.226338
AT1G08810,AT1G08810_P2,114.19875599999999
AT3G09970,AT3G09970_P2,114.15218399999999
AT1G25480,AT1G25480_ID8,113.69497
AT5G12840,AT5G12840_P3,113.65971800000001
AT4G14147,AT4G14147_ID5,113.60371099999999
AT4G16990,AT4G16990_P18,113.26605599999999
AT2G22570,AT2G22570_ID3,113.2103
AT5G18440,AT5G18440_P2,113.16087599999997
AT5G35910,AT5G35910_JS1,113.15388999999999
AT4G31115,AT4G31115.2,113.141967
AT3G46180,AT3G46180_s3,113.11056500000001
AT2G40010,AT2G40010_ID3,112.994989
AT3G33530,AT3G33530_ID4,112.97485
AT2G45240,AT2G45240_P2,112.93319600000001
AT5G61820,AT5G61820_s2,112.87971999999999
AT3G20080,AT3G20080.2,112.839583
AT5G24350,AT5G24350_P1,112.795347
AT1G58200,AT1G58200_ID15,112.750292
AT4G12030,AT4G12030_ID17,112.30705400000001
AT4G13200,AT4G13200_ID1,112.298857
AT2G42920,AT2G42920_P1,112.254407
AT5G48790,AT5G48790_ID1,112.065795
AT1G69340,AT1G69340_P2,111.724373
AT1G34110,AT1G34110_P1,111.67702599999998
AT4G24900,AT4G24900_ID10,111.54886400000001
AT4G08850,AT4G08850_P2,111.426888
AT5G37740,AT5G37740_ID1,111.358666
AT5G08560,AT5G08560_s2,111.244995
AT3G19400,AT3G19400_P2,111.045973
AT3G57230,AT3G57230_P2,110.98238900000001
AT3G13740,AT3G13740_P6,110.954509
AT4G21510,AT4G21510_ID2,110.917804
AT2G35390,AT2G35390_P1,110.71863499999999
AT2G34310,AT2G34310_P4,110.54406900000002
AT5G63530,AT5G63530_ID6,110.51019500000001
AT4G28040,AT4G28040_P3,110.420301
AT4G14710,AT4G14710_P6,110.25948399999999
AT2G31751,AT2G31751_c3,110.18374399999999
AT1G33700,AT1G33700_s1,110.179415
AT5G24090,AT5G24090_P1,110.074404
AT5G04090,AT5G04090.1,109.933616
AT3G52340,AT3G52340_P2,109.790211
AT2G28930,AT2G28930.1,109.78596
AT5G47390,AT5G47390_s1,109.72040899999999
AT1G24825,AT1G24825_ID5,109.719059
AT2G31560,AT2G31560_P3,109.703068
AT4G18600,AT4G18600_JS2,109.69516800000001
AT3G26670,AT3G26670_ID14,109.66420400000001
AT1G08450,AT1G08450_ID8,109.610616
AT4G19370,AT4G19370_ID2,109.5408
AT4G34600,AT4G34600_P2,109.396005
AT3G27884,AT3G27884_s1,109.05540200000002
AT3G06380,AT3G06380_P2,109.04818399999999
AT2G46710,AT2G46710_JS1,108.837643
AT5G17510,AT5G17510_ID3,108.79808600000001
AT5G65950,AT5G65950_JS1,108.77251199999999
AT4G00026,AT4G00026_s1,108.628164
AT2G39340,AT2G39340_c1,108.54007099999998
AT5G62950,AT5G62950_P5,108.515896
AT5G37930,AT5G37930_ID1,108.456815
AT1G78670,AT1G78670_JS2,108.40760200000001
AT5G63160,AT5G63160_P2,108.12385499999999
AT5G50550,AT5G50550_ID2,108.01322399999998
AT2G38170,AT2G38170_P3,107.99985799999999
AT3G45290,AT3G45290_ID11,107.992925
AT1G02145,AT1G02145_ID354,107.948888
AT5G10710,AT5G10710_P2,107.866828
AT4G09620,AT4G09620_P2,107.711496
AT1G27370,AT1G27370_P1,107.68520799999999
AT2G46320,AT2G46320_P4,107.550287
AT4G08540,AT4G08540_ID4,107.49524
AT4G15180,AT4G15180_c2,107.440568
AT3G04070,AT3G04070_s2,107.40248
AT1G35340,AT1G35340_P2,107.34813
AT5G06100,AT5G06100_P3,107.07510299999998
AT1G51430,AT1G51430_ID1,107.02262300000001
AT5G23760,AT5G23760_ID2,106.67513699999999
AT2G32640,AT2G32640_ID8,106.617599
AT2G14170,AT2G14170.2,106.510592
AT5G06980,AT5G06980_P5,106.457324
AT3G16800,AT3G16800_P4,106.44931700000001
AT1G08230,AT1G08230_P5,106.41552200000001
AT2G44750,AT2G44750_ID2,106.342463
AT5G54500,AT5G54500_JS3,106.33369099999999
AT3G15500,AT3G15500_ID2,106.272404
AT1G08125,AT1G08125_ID14,106.264557
AT4G19670,AT4G19670_P1,106.13944800000002
AT1G69840,AT1G69840_P3,106.10195900000001
AT1G32150,AT1G32150_ID8,105.985184
AT2G45200,AT2G45200_c1,105.96507700000001
AT3G62750,AT3G62750_P6,105.963091
AT2G45010,AT2G45010_P2,105.884653
AT1G77290,AT1G77290.1,105.79945500000001
AT4G04920,AT4G04920_s3,105.79118199999999
AT5G25620,AT5G25620_P1,105.669578
AT2G46590,AT2G46590_P1,105.62714499999998
AT4G14145,AT4G14145_ID3,105.160108
AT2G47620,AT2G47620_P2,105.00733600000001
AT5G17440,AT5G17440_s3,104.933135
AT5G17670,AT5G17670_JS1,104.856141
AT5G47900,AT5G47900_P9,104.646981
AT5G14260,AT5G14260_P1,104.532774
AT3G07280,AT3G07280_ID10,104.498444
AT1G25230,AT1G25230_s2,104.300462
AT4G34570,AT4G34570_P2,104.20559100000001
AT3G48360,AT3G48360_P2,104.19091500000002
AT5G51620,AT5G51620_P4,104.17661400000001
AT5G01215,AT5G01215_ID2,104.163938
AT1G50910,AT1G50910.1,104.147263
AT3G29390,AT3G29390_ID1,104.06290700000001
AT1G61970,AT1G61970_c1,103.982863
AT1G48960,AT1G48960_ID4,103.962391
AT5G27390,AT5G27390_ID4,103.86715099999999
AT1G13450,AT1G13450_ID2,103.761285
AT5G51620,AT5G51620_P1,103.59777400000002
AT5G57940,AT5G57940.3,103.580703
AT5G63700,AT5G63700_P2,103.361884
AT5G47040,AT5G47040_JS4,103.28534200000001
AT5G58980,AT5G58980_ID2,103.27054399999999
AT4G09760,AT4G09760.3,103.15826600000001
AT5G53420,AT5G53420_ID4,103.04311799999999
AT1G45201,AT1G45201_P2,103.018438
AT1G14240,AT1G14240_P4,102.87849899999999
AT5G22710,AT5G22710_ID2,102.853172
AT3G14150,AT3G14150_P4,102.80223000000001
AT5G63930,AT5G63930_P1,102.72643400000001
AT5G51780,AT5G51780_s1,102.668307
AT4G21450,AT4G21450_ID2,102.40414600000001
AT3G16220,AT3G16220_ID4,102.22788800000001
AT1G14150,AT1G14150_P2,102.20735199999999
AT1G10360,AT1G10360_ID1,102.026703
AT1G52200,AT1G52200_P2,101.76668599999999
AT1G10720,AT1G10720_ID2,101.742025
AT3G13300,AT3G13300_JS4,101.731982
AT4G16765,AT4G16765_s2,101.726189
AT1G68190,AT1G68190_JS5,101.66753899999999
AT1G80570,AT1G80570.3,101.546235
AT4G11980,AT4G11980_ID3,101.53218799999999
AT1G52500,AT1G52500_c1,101.51715800000001
AT5G23830,AT5G23830_P1,101.375205
AT3G43510,AT3G43510.1,101.33812900000001
AT1G75770,AT1G75770_ID4,101.30545400000001
AT2G48120,AT2G48120_ID6,101.30315999999999
AT5G60980,AT5G60980_P4,101.252611
AT3G19860,AT3G19860_ID3,101.218605
AT4G33260,AT4G33260_P1,101.207595
AT3G20650,AT3G20650_s1,101.191391
AT3G58530,AT3G58530_c1,101.164615
AT3G15730,AT3G15730_s1,101.16119900000001
AT3G23150,AT3G23150_P1,100.791798
AT3G52155,AT3G52155_ID2,100.67057899999999
AT3G59320,AT3G59320_P1,100.631562
AT2G43330,AT2G43330_JS2,100.58754300000001
AT3G21510,AT3G21510_P1,100.47766100000001
AT1G33680,AT1G33680_s1,100.268029
AT1G48230,AT1G48230_P2,100.197608
AT3G46560,AT3G46560_ID1,100.15133499999999
AT2G35920,AT2G35920_JS8,100.100172
AT2G39445,AT2G39445_P2,100.09785199999999
AT1G75420,AT1G75420_P2,100.078325
AT5G07890,AT5G07890_P2,99.797511
AT2G25737,AT2G25737_P2,99.78748
AT1G16540,AT1G16540_P2,99.734745
AT2G44980,AT2G44980_P3,99.65798500000001
AT1G07890,AT1G07890_P8,99.64234400000001
AT1G66730,AT1G66730_JC34,99.61619
AT3G56830,AT3G56830_P4,99.59642699999999
AT3G61270,AT3G61270_P2,99.54798199999999
AT1G45248,AT1G45248_ID3,99.45803699999999
AT5G13560,AT5G13560_s1,99.450505
AT1G74660,AT1G74660_c2,99.30461
AT5G17690,AT5G17690_ID4,99.145365
AT2G25180,AT2G25180_ID4,99.069581
AT4G27050,AT4G27050_P2,98.995721
AT3G29760,AT3G29760_P2,98.84698800000001
AT5G14260,AT5G14260_P4,98.793918
AT2G35360,AT2G35360_ID4,98.51921
AT5G59960,AT5G59960_c1,98.467774
AT3G54840,AT3G54840_JS1,98.39309499999999
AT4G33760,AT4G33760_JS1,98.36696500000001
AT1G62800,AT1G62800_ID6,98.35286400000001
AT5G04430,AT5G04430_JS4,98.23904999999999
AT2G46830,AT2G46830_c1,97.9906
AT1G05940,AT1G05940_P2,97.953771
AT1G58060,AT1G58060_JS5,97.95197
AT4G38040,AT4G38040_ID4,97.926504
AT5G66550,AT5G66550_P3,97.28879100000002
AT3G62860,AT3G62860_P2,97.033698
AT4G18370,AT4G18370_c1,97.020419
AT5G16630,AT5G16630_P3,96.726507
AT2G48100,AT2G48100.4,96.612198
AT4G34610,AT4G34610_P3,96.548164
AT5G60430,AT5G60430_P3,96.314173
AT3G15240,AT3G15240_ID4,96.276937
AT5G39790,AT5G39790_s1,96.26296999999998
AT3G27610,AT3G27610_P5,96.05999
AT5G07680,AT5G07680_ID2,96.032721
AT2G28670,AT2G28670.1,95.972831
AT5G58370,AT5G58370_P3,95.966117
AT3G15980,AT3G15980_JS3,95.773181
AT5G62570,AT5G62570_ID14,95.75288800000001
AT5G20540,AT5G20540_s1,95.466758
AT5G59460,AT5G59460_ID2,95.40634
AT4G24670,AT4G24670_P1,95.334445
AT5G63370,AT5G63370_P10,95.326205
AT3G19970,AT3G19970_P2,95.15228600000002
AT5G35670,AT5G35670_ID2,95.10949600000001
AT5G05540,AT5G05540_P2,94.91241799999999
AT2G25920,AT2G25920_ID2,94.785471
AT1G03740,AT1G03740_P2,94.611143
AT4G19450,AT4G19450_P2,94.584678
AT1G51430,AT1G51430_ID2,94.491963
AT1G10570,AT1G10570_ID9,94.450927
AT2G40960,AT2G40960_P1,94.256309
AT2G38450,AT2G38450_P2,94.035792
AT5G59613,AT5G59613.1,94.027486
AT1G03040,AT1G03040_ID3,94.016453
AT4G39660,AT4G39660_s1,93.869326
AT5G44530,AT5G44530_ID2,93.729798
AT3G17430,AT3G17430_P2,93.713299
AT3G61420,AT3G61420_JC8,93.57248600000001
AT2G16940,AT2G16940_s3,93.54894
AT1G76900,AT1G76900_ID4,93.496657
AT5G02710,AT5G02710_P2,93.457446
AT2G37340,AT2G37340_ID6,93.43791900000001
AT3G15970,AT3G15970_P2,93.430639
AT5G24740,AT5G24740_P3,93.269558
AT1G34315,AT1G34315_ID2,93.20063499999999
AT5G06130,AT5G06130.1,93.13023499999998
AT4G32250,AT4G32250_P1,93.122731
AT2G13100,AT2G13100_P4,93.074295
AT4G38200,AT4G38200_P2,92.877898
AT1G32700,AT1G32700_JS3,92.832176
AT4G18140,AT4G18140_P6,92.814039
AT4G16070,AT4G16070_s1,92.744294
AT5G22620,AT5G22620_c4,92.743884
AT5G64330,AT5G64330_ID4,92.668357
AT1G20540,AT1G20540_ID16,92.64100300000001
AT3G52340,AT3G52340_P4,92.46209400000001
AT3G02470,AT3G02470_JS3,92.38974900000001
AT4G36980,AT4G36980_ID36,92.379292
AT4G12640,AT4G12640_P2,92.31986
AT1G68760,AT1G68760_ID2,92.27735899999998
AT1G70620,AT1G70620_ID12,92.272058
AT5G38360,AT5G38360_ID8,92.252327
AT2G31440,AT2G31440_P2,92.194045
AT1G17960,AT1G17960_ID1,92.10365900000001
AT2G21940,AT2G21940_P3,91.98526900000002
AT3G14410,AT3G14410_ID6,91.98475599999999
AT5G47480,AT5G47480_P2,91.74206099999999
AT1G64600,AT1G64600_ID4,91.636501
AT2G39950,AT2G39950_c3,91.60378700000001
AT4G38090,AT4G38090_P3,91.54769800000001
AT1G30490,AT1G30490_c1,91.35591500000001
AT3G25585,AT3G25585.4,91.29999199999999
AT5G41070,AT5G41070_ID2,91.29884000000001
AT5G23240,AT5G23240_ID2,91.27747299999999
AT1G02300,AT1G02300_s2,91.199354
AT5G16180,AT5G16180_ID6,91.187236
AT2G48120,AT2G48120_ID7,91.16795599999999
AT5G52880,AT5G52880_ID4,90.96721699999999
AT4G10845,AT4G10845_s1,90.953005
AT2G02080,AT2G02080_JS3,90.87508600000001
AT4G21730,AT4G21730.1,90.828956
AT5G22770,AT5G22770_JS2,90.66746
AT5G02580,AT5G02580_P2,90.654653
AT4G00170,AT4G00170_P2,90.44979
AT3G59660,AT3G59660_ID28,90.37960299999999
AT3G43590,AT3G43590_ID6,90.30408200000001
AT1G25420,AT1G25420_P2,90.286494
AT3G49850,AT3G49850_P2,90.27097199999999
AT4G17370,AT4G17370_ID2,90.22497200000001
AT4G00930,AT4G00930_P2,90.122466
AT2G45380,AT2G45380_ID12,90.105027
AT1G71030,AT1G71030_P2,90.07078599999998
AT1G63420,AT1G63420_JC1,89.96811000000001
AT2G29910,AT2G29910_P2,89.828403
AT4G33940,AT4G33940_P2,89.71351399999999
AT1G08320,AT1G08320_P2,89.63568400000001
AT1G48175,AT1G48175_P5,89.620827
AT1G61180,AT1G61180_P2,89.529441
AT1G80190,AT1G80190_P4,89.45388299999999
AT3G20430,AT3G20430_ID3,89.44546699999998
AT1G64430,AT1G64430.2,89.43969799999999
AT1G54510,AT1G54510_JS4,89.39329099999999
AT3G62750,AT3G62750_P3,89.346684
AT5G11160,AT5G11160_P2,89.272467
AT1G18200,AT1G18200_ID1,89.256374
AT2G25710,AT2G25710_P7,89.213499
AT5G40720,AT5G40720_P1,89.120006
AT3G10490,AT3G10490_P3,89.113662
AT3G19670,AT3G19670_P2,89.095396
AT1G25320,AT1G25320.1,89.056533
AT3G01930,AT3G01930_P2,89.00395099999999
AT1G72320,AT1G72320_JS1,88.97345299999999
AT2G30520,AT2G30520_JS4,88.919251
AT3G07860,AT3G07860_P3,88.834009
AT3G15710,AT3G15710_ID2,88.74465599999999
AT1G09340,AT1G09340_P2,88.68153799999999
AT2G16880,AT2G16880_P1,88.65729300000001
AT1G69170,AT1G69170_ID2,88.58520100000001
AT4G15230,AT4G15230.1,88.513543
AT4G25180,AT4G25180_ID2,88.405514
AT5G11580,AT5G11580_P2,88.39057199999999
AT4G12020,AT4G12020_P5,88.381498
AT5G51720,AT5G51720_ID1,88.270237
AT1G50670,AT1G50670_s2,88.263504
AT4G29670,AT4G29670_P2,88.20058900000001
AT5G66290,AT5G66290_ID1,88.13365999999999
AT5G08100,AT5G08100_P2,87.884533
AT1G10060,AT1G10060_P4,87.869079
AT2G48100,AT2G48100_P6,87.80489700000001
AT3G03520,AT3G03520_P2,87.675572
AT5G18680,AT5G18680_ID2,87.53464500000001
AT3G14310,AT3G14310_JS1,87.18252799999999
AT3G47510,AT3G47510_ID1,87.167372
AT5G44720,AT5G44720.2,87.10478699999999
AT2G35510,AT2G35510_JS1,87.075942
AT5G61820,AT5G61820_s1,87.065135
AT1G43670,AT1G43670_ID22,87.05558500000001
AT2G26280,AT2G26280_P7,86.98235999999999
AT5G25520,AT5G25520_ID4,86.85036199999999
AT4G39150,AT4G39150_P3,86.72506
AT4G36720,AT4G36720_ID6,86.718875
AT3G21350,AT3G21350.2,86.45927200000001
AT1G80790,AT1G80790_P3,86.34955599999999
AT2G21410,AT2G21410_JS2,86.229254
AT2G42810,AT2G42810_JC9,86.03650199999998
AT1G02145,AT1G02145_ID328,86.032532
AT2G04690,AT2G04690_ID6,86.02243399999999
AT4G18593,AT4G18593_s2,86.00533500000002
AT3G05510,AT3G05510_P1,85.98521099999999
AT4G10925,AT4G10925_P4,85.92417499999999
AT1G60860,AT1G60860_P1,85.79607700000001
AT3G23640,AT3G23640_JS12,85.622005
AT3G23255,AT3G23255_ID8,85.520899
AT5G45370,AT5G45370_P2,85.44785200000001
AT3G60180,AT3G60180_ID1,85.35371
AT5G37380,AT5G37380_P6,85.325266
AT5G57890,AT5G57890_ID4,85.291084
AT1G68680,AT1G68680_ID2,85.280287
AT3G58110,AT3G58110_ID1,85.278748
AT2G40935,AT2G40935_JS12,85.238332
AT1G17665,AT1G17665_P1,85.17520800000001
AT5G02620,AT5G02620_ID2,85.150853
AT3G30350,AT3G30350_c1,85.135582
AT2G32880,AT2G32880_P2,85.105217
AT2G05518,AT2G05518_ID1,85.09703
AT5G39160,AT5G39160_ID2,85.07141
AT1G69040,AT1G69040_ID44,84.87936499999999
AT1G33330,AT1G33330_ID2,84.556826
AT3G01100,AT3G01100_P2,84.49168
AT2G32870,AT2G32870_P2,84.473084
AT1G79710,AT1G79710_P1,84.40273
AT1G79630,AT1G79630_P4,84.23642699999999
AT2G45245,AT2G45245_c1,84.165128
AT5G56180,AT5G56180_c1,84.075249
AT5G01780,AT5G01780_P3,83.978335
AT3G54880,AT3G54880_ID2,83.952462
AT1G02340,AT1G02340_P2,83.83651
AT5G19590,AT5G19590_P2,83.79216900000002
AT1G10130,AT1G10130_s2,83.752298
AT3G52100,AT3G52100_P4,83.71482
AT5G03830,AT5G03830_JS4,83.66484700000001
AT5G59420,AT5G59420_s1,83.645428
AT2G43110,AT2G43110_ID1,83.47775899999998
AT5G63970,AT5G63970.2,83.299454
AT2G22190,AT2G22190_ID8,83.16919
AT1G79230,AT1G79230_JS1,83.168686
AT1G60060,AT1G60060_ID2,82.949594
AT3G22260,AT3G22260_P2,82.891831
AT3G62330,AT3G62330_JS7,82.88943599999999
AT1G50630,AT1G50630_P2,82.86683400000001
AT2G30170,AT2G30170_P4,82.85149
AT1G06370,AT1G06370_ID16,82.821386
AT2G40765,AT2G40765_ID2,82.749748
AT4G10470,AT4G10470_ID4,82.748652
AT3G25740,AT3G25740_ID29,82.65843600000001
AT4G14147,AT4G14147_c3,82.53950699999999
AT2G30120,AT2G30120_P1,82.50106199999999
AT3G19810,AT3G19810_JC1,82.32777000000002
AT4G15090,AT4G15090_P3,82.317118
AT1G76720,AT1G76720_P1,82.31328400000001
AT5G42030,AT5G42030_P3,82.268745
AT4G26520,AT4G26520_ID8,82.173476
AT3G23255,AT3G23255.1,82.081
AT3G53540,AT3G53540_P2,82.03218
AT1G31812,AT1G31812_ID3,81.95201
AT1G52370,AT1G52370_P3,81.86950300000001
AT3G54170,AT3G54170_JC1,81.803474
AT1G78070,AT1G78070_JS20,81.762606
AT1G02610,AT1G02610_P2,81.637712
AT1G02840,AT1G02840_CR3,81.037957
AT1G33400,AT1G33400_ID47,81.026781
AT5G48150,AT5G48150_P4,80.95519
AT3G57390,AT3G57390_ID2,80.826738
AT5G13750,AT5G13750_P2,80.815463
AT3G20010,AT3G20010_P2,80.752768
AT5G04900,AT5G04900_ID10,80.696563
AT2G28305,AT2G28305_s2,80.65206400000001
AT4G36140,AT4G36140.1,80.546018
AT3G17365,AT3G17365_ID5,80.523927
AT1G27630,AT1G27630_P3,80.495607
AT4G23910,AT4G23910_ID6,80.408431
AT5G65970,AT5G65970_ID8,79.960038
AT3G22170,AT3G22170_ID5,79.907575
AT5G04130,AT5G04130_JS1,79.903034
AT3G30122,AT3G30122_ID21,79.701468
AT3G57170,AT3G57170_JS5,79.68500499999999
AT5G54855,AT5G54855_ID1,79.67926800000001
AT2G26070,AT2G26070_P2,79.587021
AT5G54110,AT5G54110_P2,79.54359099999999
AT2G44750,AT2G44750_ID20,79.522133
AT1G14030,AT1G14030_ID15,79.43595599999999
AT5G27450,AT5G27450_P2,79.324696
AT3G47810,AT3G47810.2,79.268815
AT3G56960,AT3G56960_JS2,79.18138900000001
AT5G04420,AT5G04420.3,79.086541
AT5G50950,AT5G50950_ID8,79.029317
AT2G28800,AT2G28800_c2,78.962346
AT1G20620,AT1G20620_P7,78.879713
AT1G60490,AT1G60490_ID2,78.87655000000001
AT3G03870,AT3G03870_P1,78.823379
AT4G17910,AT4G17910_P2,78.789344
AT3G17000,AT3G17000_ID2,78.71306
AT2G46915,AT2G46915_ID33,78.63116000000001
AT5G60940,AT5G60940_P2,78.62286300000001
AT1G69080,AT1G69080_ID4,78.423986
AT3G26220,AT3G26220_ID1,78.322705
AT1G05200,AT1G05200_ID1,78.31725300000001
AT3G10260,AT3G10260_P3,78.299045
AT3G50660,AT3G50660_P2,78.250179
AT4G20320,AT4G20320_P2,78.18447900000001
AT4G20480,AT4G20480_P2,78.138588
AT3G54430,AT3G54430_ID1,78.11238900000001
AT1G76730,AT1G76730_ID9,77.979938
AT5G58500,AT5G58500_P1,77.820255
AT1G75410,AT1G75410_P2,77.736261
AT5G51290,AT5G51290_c3,77.726512
AT5G40930,AT5G40930_P2,77.68077699999999
AT5G15330,AT5G15330_ID2,77.578836
AT3G48330,AT3G48330_ID1,77.497578
AT4G31200,AT4G31200_P3,77.41783500000001
AT3G13320,AT3G13320_s1,77.328114
AT1G67880,AT1G67880_ID2,77.298828
AT1G05870,AT1G05870_P1,77.281334
AT1G75560,AT1G75560_JS3,77.255218
AT1G75540,AT1G75540_JS1,77.217793
AT4G24100,AT4G24100_P1,77.214191
AT1G78870,AT1G78870_P4,77.033187
AT5G50150,AT5G50150_JS3,76.891134
AT4G04330,AT4G04330_s1,76.879375
AT2G38400,AT2G38400_c1,76.844413
AT2G23370,AT2G23370_P2,76.731641
AT1G02260,AT1G02260_P2,76.730307
AT3G21430,AT3G21430_P3,76.72622899999999
AT4G00430,AT4G00430.2,76.665557
AT4G37280,AT4G37280_ID9,76.436581
AT1G33790,AT1G33790_P2,76.342797
AT5G12280,AT5G12280_P2,76.30223300000002
AT1G47278,AT1G47278_ID2,76.284745
AT4G10050,AT4G10050_P2,76.26960100000001
AT1G32230,AT1G32230_JS11,76.26519599999999
AT1G75295,AT1G75295.2,76.21124
AT5G10530,AT5G10530_P1,76.103848
AT5G16110,AT5G16110_JS1,76.072565
AT1G79110,AT1G79110_ID3,75.922423
AT1G08630,AT1G08630_s1,75.89036
AT3G28370,AT3G28370_ID3,75.861673
AT4G02610,AT4G02610_ID2,75.838591
AT3G57062,AT3G57062_JC2,75.81477
AT1G45191,AT1G45191_P3,75.78893
AT1G70895,AT1G70895_P1,75.784861
AT5G64360,AT5G64360_P7,75.74208899999999
AT3G62740,AT3G62740_P1,75.71839399999999
AT3G16750,AT3G16750_ID1,75.694605
AT3G54390,AT3G54390_ID1,75.68620700000001
AT1G05940,AT1G05940_P4,75.663212
AT4G21060,AT4G21060.2,75.584129
AT1G50020,AT1G50020_s2,75.559067
AT1G35580,AT1G35580_s1,75.50071
AT1G41880,AT1G41880_P2,75.491617
AT3G21240,AT3G21240_P2,75.45011300000002
AT5G22290,AT5G22290_P2,75.447487
AT5G40550,AT5G40550_ID8,75.429165
AT1G34340,AT1G34340_ID19,75.40099100000002
AT1G14130,AT1G14130_ID2,75.39605
AT4G35230,AT4G35230_s1,75.26423700000001
AT3G12340,AT3G12340_ID2,74.92603400000002
AT1G60610,AT1G60610_P4,74.89326799999999
AT1G24040,AT1G24040_P2,74.78177500000001
AT1G16250,AT1G16250_P2,74.73687100000001
AT2G22980,AT2G22980_ID37,74.716626
AT5G44510,AT5G44510_P4,74.712178
AT1G15240,AT1G15240_ID6,74.60406900000001
AT5G57960,AT5G57960_s1,74.424679
AT5G04460,AT5G04460_P5,74.389483
AT1G49730,AT1G49730_P3,74.386415
AT1G21580,AT1G21580_P3,74.379331
AT3G12100,AT3G12100_s1,74.326166
AT1G16800,AT1G16800_c2,74.20631600000002
AT4G39960,AT4G39960_P2,74.199959
AT1G34750,AT1G34750_P2,74.158864
AT4G16765,AT4G16765_JS1,74.07938700000001
AT1G05710,AT1G05710_P10,73.985927
AT4G23470,AT4G23470.2,73.965394
AT3G10970,AT3G10970_s1,73.946353
AT1G04750,AT1G04750_P3,73.92304
AT1G27300,AT1G27300_ID1,73.907509
AT3G58760,AT3G58760_s1,73.82664799999999
AT5G26760,AT5G26760_P1,73.794037
AT1G61150,AT1G61150_P11,73.73057399999999
AT5G23570,AT5G23570_P4,73.661608
AT5G02840,AT5G02840_P2,73.651427
AT1G18470,AT1G18470.2,73.512351
AT5G26680,AT5G26680_P3,73.47077600000001
AT1G23460,AT1G23460_P1,73.452915
AT4G27120,AT4G27120_ID34,73.382762
AT5G55125,AT5G55125_ID1,73.324124
AT1G07440,AT1G07440_ID2,73.279482
AT2G19930,AT2G19930_s1,73.24251
AT1G21610,AT1G21610_JS10,73.188863
AT1G53850,AT1G53850_P2,73.09420000000001
AT1G67060,AT1G67060_P2,73.081929
AT5G47430,AT5G47430_P4,73.073658
AT1G07110,AT1G07110_ID15,73.042302
AT5G03345,AT5G03345_JS3,72.895135
AT5G60840,AT5G60840_ID4,72.89081200000001
AT3G49220,AT3G49220_P2,72.80526300000001
AT4G28270,AT4G28270_JC2,72.804905
AT3G54600,AT3G54600_s1,72.758235
AT5G17850,AT5G17850_P2,72.714047
AT1G66880,AT1G66880_JS16,72.67199199999999
AT3G06760,AT3G06760_ID1,72.568136
AT5G12040,AT5G12040.2,72.48752400000001
AT3G22460,AT3G22460_ID7,72.396751
AT3G15520,AT3G15520_s2,72.365793
AT3G07300,AT3G07300_JS1,72.355055
AT5G17060,AT5G17060_P2,72.31698399999999
AT5G09820,AT5G09820_P1,72.31411700000001
AT2G24690,AT2G24690_ID5,72.26275899999999
AT3G21160,AT3G21160_P2,72.25596200000001
AT1G26208,AT1G26208_s2,72.115667
AT1G66730,AT1G66730.1,72.082775
AT5G45310,AT5G45310_P1,71.929083
AT3G57770,AT3G57770_ID3,71.836319
AT5G37590,AT5G37590_P2,71.681236
AT3G01850,AT3G01850_ID8,71.61584500000001
AT1G63480,AT1G63480_P1,71.61543100000002
AT1G56550,AT1G56550_P2,71.565236
AT1G49130,AT1G49130_ID1,71.513319
AT4G35090,AT4G35090_s1,71.419221
AT1G24240,AT1G24240_P2,71.249926
AT1G53990,AT1G53990_ID2,71.2076
AT5G50370,AT5G50370_P2,71.001304
AT4G12840,AT4G12840_P1,70.994565
AT5G64816,AT5G64816_ID1,70.911924
AT1G43190,AT1G43190_JS3,70.766989
AT5G64400,AT5G64400.2,70.75898699999999
AT1G17970,AT1G17970_s4,70.583818
AT1G06265,AT1G06265_ID2,70.575614
AT3G13430,AT3G13430_P2,70.513634
AT2G28315,AT2G28315_P1,70.49238899999999
AT3G53830,AT3G53830_P2,70.40959
AT1G08125,AT1G08125_ID16,70.16188600000001
AT3G27997,AT3G27997_JS2,70.099839
AT3G11960,AT3G11960.2,70.099134
AT2G40090,AT2G40090_s3,70.07517
AT5G10830,AT5G10830_ID1,70.062186
AT2G02710,AT2G02710_P3,70.039368
AT1G65020,AT1G65020_ID2,69.99418800000001
AT5G52910,AT5G52910_s1,69.924536
AT5G60040,AT5G60040_P1,69.79342600000001
AT5G45920,AT5G45920_P3,69.781505
AT5G62090,AT5G62090_P1,69.772395
AT2G38460,AT2G38460_P2,69.666478
AT3G19440,AT3G19440_ID3,69.583741
AT1G22180,AT1G22180_P3,69.531941
AT3G54880,AT3G54880_ID1,69.403548
AT1G52310,AT1G52310_ID10,69.294453
AT1G61500,AT1G61500_P1,69.16099200000001
AT5G19310,AT5G19310_P2,69.12790700000001
AT4G02890,AT4G02890.3,69.108683
AT5G66360,AT5G66360_ID1,68.993935
AT3G12350,AT3G12350_ID2,68.959422
AT4G19100,AT4G19100_ID1,68.90188500000001
AT3G62550,AT3G62550_JC4,68.89052099999999
AT2G24530,AT2G24530_JS2,68.823821
AT1G50440,AT1G50440_P5,68.73101399999999
AT3G23790,AT3G23790_P1,68.711622
AT3G44310,AT3G44310_JS3,68.695376
AT1G66840,AT1G66840_P2,68.55190900000001
AT4G16900,AT4G16900_ID2,68.518332
AT1G12400,AT1G12400_P3,68.48796200000001
AT4G19500,AT4G19500_P2,68.414384
AT4G10890,AT4G10890_P2,68.39060799999999
AT3G10915,AT3G10915_P3,68.298658
AT4G25400,AT4G25400_ID2,68.254433
AT1G06720,AT1G06720_s2,68.093507
AT5G57740,AT5G57740_JS3,68.049467
AT5G53010,AT5G53010_JS12,68.020623
AT3G07690,AT3G07690_ID4,68.001048
AT1G56300,AT1G56300_c1,67.99149
AT2G39375,AT2G39375_P1,67.707333
AT1G20090,AT1G20090_JS1,67.642747
AT1G15740,AT1G15740_s1,67.636437
AT5G04880,AT5G04880_ID2,67.589065
AT2G25095,AT2G25095_s2,67.45733299999999
AT1G08550,AT1G08550_ID39,67.388046
AT5G09330,AT5G09330_P5,67.37212
AT2G06025,AT2G06025_ID174,67.349281
AT2G28840,AT2G28840_ID1,67.326368
AT1G26090,AT1G26090_ID4,67.289148
AT1G13700,AT1G13700_ID5,67.28734
AT2G33820,AT2G33820_ID7,67.239343
AT3G43955,AT3G43955_c2,67.18419
AT2G39250,AT2G39250_c1,67.051458
AT2G46030,AT2G46030_ID1,67.047418
AT5G20680,AT5G20680_P3,66.973816
AT1G35340,AT1G35340_P5,66.959495
AT2G43330,AT2G43330_s1,66.950416
AT1G61240,AT1G61240_P1,66.933524
AT3G04610,AT3G04610_P2,66.900805
AT2G47960,AT2G47960_ID2,66.60920999999999
AT5G56190,AT5G56190_P7,66.60206500000001
AT3G57780,AT3G57780_P1,66.596017
AT1G05200,AT1G05200_P4,66.54834799999999
AT5G06260,AT5G06260_JS5,66.48495500000001
AT1G16820,AT1G16820_ID3,66.48120300000001
AT3G09360,AT3G09360_P2,66.418921
AT5G50010,AT5G50010.1,66.40403
AT1G70518,AT1G70518_ID1,66.333077
AT1G02520,AT1G02520_P1,66.32465
AT2G16940,AT2G16940_s5,66.199051
AT5G16120,AT5G16120_JS9,66.178468
AT1G74650,AT1G74650_P2,66.17514
AT2G30600,AT2G30600_P6,66.04674299999999
AT2G26330,AT2G26330_s4,66.005923
AT4G08780,AT4G08780.1,65.986722
AT5G62890,AT5G62890.1,65.970457
AT4G22540,AT4G22540_P5,65.891603
AT1G54730,AT1G54730_P3,65.883824
AT5G43930,AT5G43930_JS9,65.74060300000001
AT1G75180,AT1G75180_s1,65.585829
AT5G22100,AT5G22100_s1,65.561386
AT3G61010,AT3G61010_ID79,65.531709
AT3G05345,AT3G05345_ID1,65.481374
AT3G15770,AT3G15770_ID9,65.422991
AT5G04050,AT5G04050.1,64.996259
AT5G06690,AT5G06690_s1,64.955405
AT4G18020,AT4G18020_s1,64.92436299999999
AT1G12110,AT1G12110_ID4,64.912325
AT4G16780,AT4G16780_s1,64.866416
AT1G01650,AT1G01650_s5,64.851
AT4G06701,AT4G06701_ID2,64.757057
AT1G04830,AT1G04830_s1,64.672403
AT2G32700,AT2G32700_JS21,64.57522399999999
AT1G60850,AT1G60850_P4,64.56309399999999
AT5G25040,AT5G25040_P5,64.53456899999999
AT1G66520,AT1G66520_ID6,64.432286
AT1G31814,AT1G31814_P1,64.428056
AT5G66420,AT5G66420_P3,64.415587
AT1G09420,AT1G09420_ID5,64.327322
AT1G77080,AT1G77080_c4,64.269924
AT3G14010,AT3G14010_ID13,64.147767
AT5G04850,AT5G04850_JS2,64.095017
AT2G47630,AT2G47630_P3,64.092559
AT4G35440,AT4G35440_ID2,64.090946
AT1G14710,AT1G14710_s2,63.946009000000004
AT1G06850,AT1G06850_ID4,63.868686
AT1G16650,AT1G16650_P2,63.855461999999996
AT1G31860,AT1G31860_ID2,63.8542
AT3G53500,AT3G53500_P3,63.77202199999999
AT1G05160,AT1G05160_ID3,63.77159
AT4G15030,AT4G15030_ID65,63.559701999999994
AT5G61310,AT5G61310_P2,63.516768000000006
AT5G14320,AT5G14320.2,63.465781
AT1G69780,AT1G69780_JS1,63.430699999999995
AT5G65050,AT5G65050_JS2,63.354669
AT1G70180,AT1G70180_P6,63.338257999999996
AT3G09690,AT3G09690_P2,63.33789
AT5G44730,AT5G44730_ID6,63.308727000000005
AT3G53440,AT3G53440_P1,63.300935
AT1G74040,AT1G74040_P2,63.225381
AT1G09440,AT1G09440_ID2,63.150292
AT5G55970,AT5G55970_P3,63.141763
AT3G51850,AT3G51850_ID2,63.112453
AT3G11290,AT3G11290_P2,62.991318
AT2G41060,AT2G41060_P3,62.92232200000001
AT3G10450,AT3G10450_P2,62.916523
AT1G52360,AT1G52360_P4,62.91128799999999
AT3G15430,AT3G15430_P4,62.830222000000006
AT2G45700,AT2G45700_P2,62.79269600000001
AT4G23440,AT4G23440_P2,62.759127
AT3G28100,AT3G28100_P3,62.69310800000001
AT5G51790,AT5G51790_P2,62.691233
AT1G60260,AT1G60260_ID152,62.663797
AT2G23740,AT2G23740_P2,62.59283
AT1G60545,AT1G60545.1,62.541943
AT4G13330,AT4G13330_ID1,62.53782700000001
AT5G23720,AT5G23720_P3,62.503285000000005
AT4G15540,AT4G15540_JC18,62.501194999999996
AT5G59960,AT5G59960_ID1,62.440400000000004
AT4G19540,AT4G19540_ID4,62.345746000000005
AT1G52500,AT1G52500_P1,62.210254000000006
AT4G39910,AT4G39910_ID2,62.196923999999996
AT5G49840,AT5G49840_c3,62.187758
AT2G28550,AT2G28550_P4,62.182286000000005
AT4G13200,AT4G13200_ID4,62.149678
AT1G58080,AT1G58080_ID4,62.054568
AT3G02555,AT3G02555_s3,61.98792999999999
AT5G43725,AT5G43725_JC17,61.939812
AT2G30840,AT2G30840_P2,61.931692
AT3G07980,AT3G07980_P1,61.831923
AT1G71696,AT1G71696_P1,61.801880999999995
AT1G22640,AT1G22640_P3,61.648193
AT1G16930,AT1G16930_P1,61.618458000000004
AT4G10450,AT4G10450_P2,61.603725
AT1G78240,AT1G78240_ID10,61.581725000000006
AT1G30420,AT1G30420_P2,61.566328999999996
AT5G02020,AT5G02020.2,61.331145
AT3G48110,AT3G48110_s1,61.325787000000005
AT4G25800,AT4G25800_ID2,61.304851000000006
AT3G13350,AT3G13350_s1,61.269372000000004
AT1G11380,AT1G11380_ID2,61.26375899999999
AT4G03000,AT4G03000_P3,61.244107
AT1G61667,AT1G61667_ID2,61.214915000000005
AT1G49480,AT1G49480_JS4,61.140781000000004
AT5G25940,AT5G25940_ID2,60.93001100000001
AT2G37640,AT2G37640_JS1,60.816179
AT4G11845,AT4G11845_c1,60.689969000000005
AT1G23480,AT1G23480_P4,60.62633099999999
AT5G41340,AT5G41340_P2,60.55252599999999
AT4G27820,AT4G27820_s1,60.528839
AT3G07760,AT3G07760_P3,60.51452199999999
AT4G02120,AT4G02120_c3,60.370808
AT2G47850,AT2G47850_P4,60.367045000000005
AT2G39950,AT2G39950_s3,60.357151
AT4G05120,AT4G05120_ID2,60.34811499999999
AT1G17060,AT1G17060_s2,60.237258
AT1G07840,AT1G07840.2,60.150733
AT4G24130,AT4G24130_ID2,60.03173100000001
AT1G72320,AT1G72320_P1,59.973295
AT5G50375,AT5G50375_P3,59.918817
AT5G62570,AT5G62570_ID12,59.833034999999995
AT4G12680,AT4G12680_c1,59.79695300000001
AT2G38465,AT2G38465_ID2,59.689397
AT1G61040,AT1G61040_P2,59.620161
AT1G31500,AT1G31500_P3,59.586779
AT3G30214,AT3G30214_c2,59.535146000000005
AT4G15475,AT4G15475_ID3,59.443902
AT5G46170,AT5G46170_JC4,59.41225399999999
AT2G38780,AT2G38780_ID3,59.392988
AT5G04220,AT5G04220_P2,59.24995
AT4G20320,AT4G20320_ID3,59.170665
AT2G46225,AT2G46225_JC1,59.12109699999999
AT1G63640,AT1G63640_P3,59.054753000000005
AT3G09370,AT3G09370_P3,59.019428999999995
AT5G41480,AT5G41480_ID6,59.002617
AT1G19330,AT1G19330_ID5,58.921617999999995
AT3G05165,AT3G05165_ID23,58.750015000000005
AT2G02570,AT2G02570_JC8,58.666683
AT3G46100,AT3G46100_ID44,58.651013000000006
AT1G10820,AT1G10820_ID13,58.641382
AT1G60260,AT1G60260_ID92,58.565156
AT4G17330,AT4G17330_JS3,58.559467
AT5G16600,AT5G16600_P1,58.559450999999996
AT1G73390,AT1G73390_P1,58.55132400000001
AT5G53360,AT5G53360_P1,58.52833600000001
AT4G16770,AT4G16770_s1,58.484288
AT3G06740,AT3G06740_ID1,58.419270000000004
AT3G53570,AT3G53570_ID24,58.418597
AT2G44255,AT2G44255_ID1,58.40356
AT1G65060,AT1G65060.2,58.390981000000004
AT1G51760,AT1G51760_ID2,58.287026999999995
AT3G60130,AT3G60130_c1,58.277518
AT2G22980,AT2G22980_ID9,58.219865
AT1G66940,AT1G66940.2,58.218402
AT1G75760,AT1G75760_JS1,58.200829999999996
AT1G13770,AT1G13770_P2,58.196287000000005
AT1G08780,AT1G08780_ID4,58.166389
AT3G30122,AT3G30122_c1,58.162338999999996
AT5G13800,AT5G13800_c2,58.08903
AT4G19550,AT4G19550_ID23,58.08669199999999
AT3G17950,AT3G17950_P2,58.08506800000001
AT5G17760,AT5G17760_P2,57.984196000000004
AT2G34170,AT2G34170_P3,57.715688
AT1G48260,AT1G48260_ID2,57.64968700000001
AT1G69295,AT1G69295_s1,57.602895000000004
AT5G11090,AT5G11090_JC5,57.589381
AT1G18440,AT1G18440_ID3,57.53353
AT3G46490,AT3G46490_s2,57.484324
AT2G20750,AT2G20750_P2,57.387014
AT5G64500,AT5G64500_JS2,57.347931
AT3G53170,AT3G53170.1,57.346658000000005
AT4G32970,AT4G32970_JS15,57.305253
AT2G32930,AT2G32930_P2,57.302437999999995
AT4G16990,AT4G16990_ID14,57.235117
AT5G06750,AT5G06750_ID1,57.16431999999999
AT5G19460,AT5G19460_ID7,57.127770000000005
AT3G10260,AT3G10260_JS5,57.11589599999999
AT3G59330,AT3G59330_ID13,57.01419
AT5G43320,AT5G43320_P2,56.980963
AT1G09270,AT1G09270_s1,56.945519000000004
AT5G21930,AT5G21930_JS5,56.811095
AT4G06701,AT4G06701_ID3,56.809926000000004
AT2G25095,AT2G25095_s1,56.80618200000001
AT2G40320,AT2G40320_P1,56.788824999999996
AT2G24390,AT2G24390_ID2,56.77105600000001
AT4G24180,AT4G24180_c3,56.72241499999999
AT1G05860,AT1G05860_P2,56.71976300000001
AT1G67190,AT1G67190_P2,56.6224
AT1G60800,AT1G60800_P2,56.497559
AT3G15351,AT3G15351_P4,56.429103999999995
AT4G31350,AT4G31350_P4,56.378662000000006
AT1G04990,AT1G04990_ID2,56.180082
AT1G06560,AT1G06560_s2,56.109571
AT5G27300,AT5G27300_JS14,56.008772
AT5G19050,AT5G19050_JS3,55.95134900000001
AT4G18050,AT4G18050_P2,55.857319000000004
AT5G53940,AT5G53940_s1,55.789092
AT5G26770,AT5G26770_P2,55.732682
AT2G26260,AT2G26260_s1,55.678765
AT1G73750,AT1G73750_ID8,55.600395000000006
AT3G45590,AT3G45590_P1,55.563964
AT1G28620,AT1G28620.1,55.56376
AT2G14260,AT2G14260_s2,55.484066
AT2G39090,AT2G39090_ID29,55.474206
AT5G57150,AT5G57150_P2,55.402713000000006
AT5G46690,AT5G46690_P2,55.279058
AT5G13050,AT5G13050_s1,55.253006
AT5G04510,AT5G04510_P3,55.168597000000005
AT3G12915,AT3G12915_JS7,55.150902
AT3G50500,AT3G50500_ID4,55.033459
AT5G53486,AT5G53486_P2,54.735368
AT1G70590,AT1G70590_JC3,54.690746000000004
AT2G25850,AT2G25850.4,54.686647
AT1G43770,AT1G43770_P1,54.684737000000005
AT5G16520,AT5G16520_JS2,54.623599999999996
AT4G40040,AT4G40040.2,54.413419000000005
AT4G26110,AT4G26110_P2,54.4121
AT1G74410,AT1G74410_s1,54.404823
AT5G16480,AT5G16480_s1,54.213972
AT2G01170,AT2G01170.2,54.19111100000001
AT4G04740,AT4G04740_P4,54.19102000000001
AT5G18630,AT5G18630_ID172,54.171769999999995
AT5G45800,AT5G45800_P2,54.121445
AT1G54250,AT1G54250_s1,54.112338
AT5G49160,AT5G49160_P1,54.06583800000001
AT1G73430,AT1G73430_c1,54.034281
AT5G21040,AT5G21040_ID5,54.022146000000006
AT2G20180,AT2G20180_P6,53.906554
AT2G36720,AT2G36720_JS7,53.904945999999995
AT5G42770,AT5G42770_ID18,53.851175999999995
AT5G13260,AT5G13260_ID2,53.811004
AT3G51820,AT3G51820_ID4,53.750613
AT4G12680,AT4G12680.1,53.724676
AT4G24880,AT4G24880_JS1,53.687250000000006
AT1G09486,AT1G09486.1,53.638258
AT3G26744,AT3G26744_P5,53.533389
AT2G28550,AT2G28550_P2,53.486626
AT4G15940,AT4G15940_s1,53.481308999999996
AT1G12650,AT1G12650.1,53.452102
AT5G10290,AT5G10290_ID8,53.389713
AT3G15352,AT3G15352_ID2,53.351687
AT5G24290,AT5G24290_s1,53.33572
AT2G42040,AT2G42040_s1,53.332567
AT3G49000,AT3G49000_ID2,53.222677000000004
AT1G61980,AT1G61980_P1,53.102682
AT5G18780,AT5G18780_P4,52.820733000000004
AT1G19860,AT1G19860_P2,52.79389
AT1G08970,AT1G08970.4,52.653731
AT5G11860,AT5G11860_JS2,52.60821399999999
AT1G07480,AT1G07480_ID1,52.514267999999994
AT1G24625,AT1G24625_s1,52.474731
AT5G24520,AT5G24520_JC6,52.412690999999995
AT2G19280,AT2G19280_P1,52.26117500000001
AT5G46410,AT5G46410_s2,52.259877
AT5G43850,AT5G43850_s1,52.234173000000006
AT3G12977,AT3G12977_s1,52.2272
AT5G16505,AT5G16505_c1,52.202898
AT3G09830,AT3G09830_P3,52.087047
AT3G57320,AT3G57320_ID2,52.078604
AT4G32940,AT4G32940_s1,52.042982
AT1G23340,AT1G23340_P1,51.99917800000001
AT4G17960,AT4G17960_ID1,51.98137800000001
AT1G64330,AT1G64330_JS1,51.931505
AT4G18370,AT4G18370_s2,51.874903999999994
AT3G54625,AT3G54625_ID1,51.828984
AT1G29800,AT1G29800_ID4,51.769369
AT5G27360,AT5G27360_s3,51.752269999999996
AT3G11220,AT3G11220_P2,51.460145
AT3G50845,AT3G50845_ID2,51.262121
AT2G16990,AT2G16990_P3,51.225835000000004
AT3G10390,AT3G10390_P2,51.18621
AT5G08535,AT5G08535_P3,51.041942
AT5G05630,AT5G05630_P1,51.04133900000001
AT3G24255,AT3G24255_P7,51.03133499999999
AT1G04830,AT1G04830_s2,50.830443
AT3G07340,AT3G07340_P2,50.75724799999999
AT5G49760,AT5G49760_JS2,50.738987
AT4G18270,AT4G18270_s1,50.738428000000006
AT3G56080,AT3G56080_s1,50.738275
AT4G29100,AT4G29100_P2,50.669548
AT2G23470,AT2G23470_ID40,50.556632
AT3G17890,AT3G17890_P1,50.527631
AT4G24460,AT4G24460_ID6,50.473414
AT1G43886,AT1G43886.1,50.457153000000005
AT5G12330,AT5G12330_P1,50.449386
AT1G05600,AT1G05600.2,50.436235999999994
AT1G31050,AT1G31050_P2,50.344776
AT1G65430,AT1G65430_ID12,50.331485
AT5G08000,AT5G08000_P2,50.32315100000001
AT4G01010,AT4G01010_P2,50.308196
AT2G47830,AT2G47830_P2,50.244513999999995
AT1G12790,AT1G12790_P1,50.239586
AT1G78960,AT1G78960_P5,50.219713999999996
AT2G39950,AT2G39950_P7,50.17120500000001
AT3G49890,AT3G49890_ID3,50.068684000000005
AT5G51700,AT5G51700_P2,49.997449
AT4G36930,AT4G36930_ID3,49.96539
AT1G51950,AT1G51950_s1,49.894898
AT5G44090,AT5G44090_JS1,49.88583799999999
AT5G53900,AT5G53900_P3,49.86825
AT1G75670,AT1G75670_P3,49.783618
AT1G28340,AT1G28340_ID1,49.750141
AT3G02990,AT3G02990_c1,49.738020000000006
AT5G61830,AT5G61830_ID6,49.698868000000004
AT4G09810,AT4G09810_P2,49.686694
AT5G22820,AT5G22820.1,49.648354000000005
AT1G70570,AT1G70570_JS1,49.566625
AT4G15730,AT4G15730_P1,49.556386
AT4G31240,AT4G31240_P2,49.441333
AT1G50370,AT1G50370_s1,49.308571
AT2G40030,AT2G40030_P2,49.259919999999994
AT4G27320,AT4G27320_P2,49.199870000000004
AT1G18150,AT1G18150_P2,49.162907000000004
AT2G47380,AT2G47380_P2,49.157685
AT2G11280,AT2G11280.1,49.144208
AT3G29290,AT3G29290_P1,49.141830999999996
AT5G04880,AT5G04880.1,49.107738
AT4G24740,AT4G24740_s2,49.103663999999995
AT4G28980,AT4G28980_P2,49.097162
AT1G07780,AT1G07780_P12,49.066601999999996
AT2G45340,AT2G45340_s1,48.984441999999994
AT1G72210,AT1G72210_c1,48.93603300000001
AT4G02485,AT4G02485_P2,48.852382
AT5G01970,AT5G01970_ID2,48.716501
AT2G23370,AT2G23370_ID3,48.680967
AT5G19900,AT5G19900_s4,48.666871
AT3G01435,AT3G01435_P2,48.625119999999995
AT3G11710,AT3G11710_ID28,48.60115
AT1G22850,AT1G22850_JC4,48.596293
AT1G53790,AT1G53790_P1,48.41334499999999
AT1G62250,AT1G62250_ID4,48.346436000000004
AT3G02280,AT3G02280_ID4,48.289627
AT5G62130,AT5G62130_JS9,48.262458
AT5G14910,AT5G14910_ID3,48.183963999999996
AT2G28605,AT2G28605_ID2,48.164748
AT3G04630,AT3G04630_P3,48.158864
AT5G11100,AT5G11100.1,48.098521
AT4G33780,AT4G33780_JS2,48.088190000000004
AT1G15030,AT1G15030_c1,47.891361999999994
AT2G34720,AT2G34720_JS1,47.888941
AT1G77080,AT1G77080_P9,47.870154
AT3G13190,AT3G13190_P3,47.809979
AT5G43210,AT5G43210_ID3,47.743093
AT1G31835,AT1G31835_P1,47.61954
AT5G67390,AT5G67390_P2,47.616471000000004
AT5G13590,AT5G13590_P3,47.563216
AT1G51740,AT1G51740_P2,47.540224
AT1G55535,AT1G55535_P3,47.355668
AT1G03380,AT1G03380_JS1,47.293133
AT4G34150,AT4G34150_JS2,47.251602000000005
AT2G42080,AT2G42080_ID1,47.213051
AT5G56747,AT5G56747_JC1,47.082345
AT3G18850,AT3G18850_P2,47.039975
AT4G34215,AT4G34215_P1,46.865087
AT1G21700,AT1G21700_ID1,46.837918
AT1G19397,AT1G19397_ID1,46.766362
AT4G28900,AT4G28900.1,46.752106
AT5G23690,AT5G23690_ID1,46.667843
AT4G14905,AT4G14905_P2,46.62518300000001
AT1G75860,AT1G75860_P2,46.6122
AT1G80270,AT1G80270_P5,46.543882
AT4G02590,AT4G02590_s1,46.500125000000004
AT4G20240,AT4G20240_P2,46.499669
AT2G17970,AT2G17970_P5,46.371655999999994
AT1G14340,AT1G14340_ID7,46.314988
AT4G35420,AT4G35420.1,46.30361
AT3G52340,AT3G52340_P6,46.208974
AT5G01390,AT5G01390_JS1,46.054756
AT4G08035,AT4G08035_ID1,46.05005
AT5G28080,AT5G28080_P2,46.004887999999994
AT5G59770,AT5G59770_ID5,45.998118999999996
AT4G35780,AT4G35780_s1,45.951786
AT3G52030,AT3G52030_ID22,45.94763
AT1G10657,AT1G10657_P3,45.937152
AT5G25540,AT5G25540_JS1,45.915138999999996
AT3G04130,AT3G04130_P2,45.893747999999995
AT1G22570,AT1G22570_ID2,45.798809
AT4G12917,AT4G12917_c5,45.782695000000004
AT1G13450,AT1G13450_JC10,45.461752000000004
AT5G42560,AT5G42560.3,45.457882999999995
AT4G27830,AT4G27830_P2,45.439693
AT2G04270,AT2G04270_P8,45.381671
AT4G36410,AT4G36410_ID2,45.334924
AT3G55020,AT3G55020_P3,45.238277
AT3G01910,AT3G01910.2,45.179753000000005
AT1G71528,AT1G71528.1,45.138016
AT4G23910,AT4G23910_ID11,45.120351
AT2G04240,AT2G04240.2,45.053543000000005
AT1G18415,AT1G18415_ID4,45.045957
AT5G23955,AT5G23955.1,44.946621
AT1G73820,AT1G73820_s1,44.852275999999996
AT5G65020,AT5G65020_P2,44.817347999999996
AT2G39410,AT2G39410_P1,44.744896
AT5G06960,AT5G06960_JS5,44.629943
AT5G24090,AT5G24090_c1,44.629548
AT5G61140,AT5G61140_JS3,44.595479
AT1G05170,AT1G05170.1,44.594741
AT3G55290,AT3G55290_ID1,44.569069000000006
AT3G17470,AT3G17470_P3,44.528683
AT5G37055,AT5G37055_ID2,44.495454
AT4G19900,AT4G19900_P2,44.459143999999995
AT1G17270,AT1G17270_P1,44.454712
AT2G21590,AT2G21590_P4,44.398354999999995
AT1G65580,AT1G65580_JS1,44.344134
AT5G61040,AT5G61040_ID2,44.332543
AT4G33890,AT4G33890_ID1,44.262758000000005
AT5G60260,AT5G60260_P1,44.239672999999996
AT5G22310,AT5G22310_P1,44.176891999999995
AT4G06676,AT4G06676_P2,44.171328
AT3G57650,AT3G57650_s2,44.083833999999996
AT4G01995,AT4G01995_P2,44.05897
AT4G33770,AT4G33770_P3,44.01928
AT1G02620,AT1G02620_c1,43.948368
AT1G14570,AT1G14570_s3,43.813801
AT1G26520,AT1G26520_ID8,43.683515
AT1G32240,AT1G32240_s1,43.657205
AT1G66880,AT1G66880_JS10,43.638132
AT1G62660,AT1G62660_P2,43.533375
AT3G16840,AT3G16840_JS22,43.461876
AT3G13550,AT3G13550_P2,43.437180999999995
AT3G18430,AT3G18430_P2,43.427903
AT4G37040,AT4G37040_ID6,43.291455
AT1G24793,AT1G24793_ID4,43.270711000000006
AT5G35753,AT5G35753_s1,43.257253
AT5G26290,AT5G26290_s2,43.219923
AT1G34020,AT1G34020_c1,43.210697999999994
AT2G31350,AT2G31350_s3,43.165513999999995
AT1G03620,AT1G03620_P6,43.139657
AT1G50500,AT1G50500_s2,43.125146
AT4G04740,AT4G04740_P3,43.11766900000001
AT3G62330,AT3G62330_JS1,43.09182
AT5G22700,AT5G22700_P5,42.991703
AT5G63080,AT5G63080_JS1,42.926189
AT1G79570,AT1G79570_P3,42.868142
AT5G38510,AT5G38510_s1,42.864217
AT4G10100,AT4G10100_ID3,42.819577
AT3G48120,AT3G48120_ID6,42.817206
AT2G26810,AT2G26810_P5,42.81398999999999
AT5G67170,AT5G67170_P3,42.709274
AT5G08185,AT5G08185_P5,42.703735
AT5G14100,AT5G14100_s2,42.695097
AT1G29170,AT1G29170_P2,42.661840000000005
AT1G14710,AT1G14710_P2,42.652094
AT1G10730,AT1G10730_ID2,42.641915
AT2G40510,AT2G40510_s1,42.578547
AT5G65890,AT5G65890_P3,42.573792999999995
AT1G09130,AT1G09130_P2,42.55877
AT3G07530,AT3G07530.1,42.485626
AT4G31860,AT4G31860_ID3,42.443625
AT5G01747,AT5G01747_c1,42.426594
AT1G21150,AT1G21150_P2,42.409152000000006
AT3G09800,AT3G09800_ID6,42.351859
AT3G61220,AT3G61220_P3,42.261818999999996
AT1G69080,AT1G69080_s1,42.213728
AT2G24700,AT2G24700_P1,42.176643000000006
AT1G32170,AT1G32170_s1,41.9482
AT5G41700,AT5G41700_P2,41.93586500000001
AT4G20980,AT4G20980.2,41.92912700000001
AT5G42730,AT5G42730.1,41.873856
AT3G06620,AT3G06620_JC3,41.873703
AT1G51430,AT1G51430_ID4,41.818023
AT5G60120,AT5G60120_P5,41.797909
AT3G44716,AT3G44716_P1,41.779212
AT4G31877,AT4G31877_c3,41.732032000000004
AT5G07730,AT5G07730_ID2,41.555079
AT4G34140,AT4G34140_s4,41.488305999999994
AT5G28030,AT5G28030_JS1,41.447100999999996
AT3G50560,AT3G50560_c1,41.370881
AT5G06060,AT5G06060_c1,41.307565
AT3G43790,AT3G43790_P5,41.245611000000004
AT2G19120,AT2G19120_P1,41.122853000000006
AT5G11030,AT5G11030_ID39,41.109894000000004
AT1G35260,AT1G35260_ID2,40.980320999999996
AT5G13740,AT5G13740_P2,40.958055
AT3G05030,AT3G05030_P4,40.954209
AT3G55005,AT3G55005_s1,40.933688000000004
AT3G27770,AT3G27770_ID2,40.795457
AT1G60525,AT1G60525_ID6,40.793519
AT1G30200,AT1G30200_ID1,40.751724
AT5G22110,AT5G22110_P2,40.645293
AT4G35780,AT4G35780_c3,40.579806
AT5G62760,AT5G62760_JS1,40.552693
AT5G51910,AT5G51910_ID2,40.512127
AT1G11820,AT1G11820_P3,40.453801
AT1G69310,AT1G69310_s2,40.358956
AT2G27010,AT2G27010_ID1,40.327771
AT1G19690,AT1G19690_ID15,40.300425
AT3G30180,AT3G30180_s1,40.19345
AT3G26612,AT3G26612_ID4,40.177521999999996
AT2G38640,AT2G38640_ID1,40.13017299999999
AT3G17300,AT3G17300_P3,39.993848
AT2G13540,AT2G13540_ID2,39.943646
AT1G73110,AT1G73110_ID2,39.936392999999995
AT4G13830,AT4G13830_P1,39.901683999999996
AT3G57980,AT3G57980_P2,39.870425
AT5G38220,AT5G38220_s1,39.792479
AT2G11880,AT2G11880_c1,39.783255
AT2G20250,AT2G20250_P1,39.78028
AT4G02760,AT4G02760_P4,39.74965
AT3G44990,AT3G44990_JS1,39.711527000000004
AT4G14840,AT4G14840_P3,39.679689
AT5G59160,AT5G59160.2,39.571963000000004
AT2G42300,AT2G42300_P4,39.517179
AT4G11410,AT4G11410_JS1,39.482131
AT1G15215,AT1G15215_P4,39.435726
AT3G17070,AT3G17070_JS2,39.428521
AT2G07180,AT2G07180_JS1,39.370450000000005
AT1G54630,AT1G54630.2,39.348691
AT2G04039,AT2G04039_ID3,39.288044
AT3G12560,AT3G12560_JS3,39.248804
AT3G43790,AT3G43790_P4,39.230098999999996
AT1G34570,AT1G34570_ID6,39.196004
AT2G41060,AT2G41060_c4,39.195015
AT2G19260,AT2G19260_P2,39.121311000000006
AT1G56660,AT1G56660_ID3,39.046091
AT5G22608,AT5G22608_P1,39.022117
AT5G22608,AT5G22608_ID6,38.943859
AT2G20440,AT2G20440_P3,38.937172999999994
AT5G47720,AT5G47720_ID2,38.891447
AT2G43190,AT2G43190_P3,38.802299
AT1G11270,AT1G11270_ID3,38.761805
AT1G73490,AT1G73490_ID9,38.677854999999994
AT2G01918,AT2G01918_s2,38.660369
AT4G23885,AT4G23885_ID2,38.644425999999996
AT3G55880,AT3G55880_P3,38.577813
AT5G04850,AT5G04850_s1,38.554335
AT3G26990,AT3G26990_s1,38.436922
AT4G35900,AT4G35900_P2,38.429477999999996
AT1G66783,AT1G66783_JS2,38.346075
AT5G39600,AT5G39600_ID2,38.094102
AT5G58100,AT5G58100_s1,38.066052
AT5G11860,AT5G11860_P1,37.943960000000004
AT4G36790,AT4G36790_JS10,37.942087
AT1G65040,AT1G65040_P1,37.852664
AT2G21500,AT2G21500_P2,37.841487
AT5G05140,AT5G05140_ID11,37.769397000000005
AT4G10030,AT4G10030_c2,37.764394
AT1G50170,AT1G50170_P2,37.693615
AT3G63445,AT3G63445_s1,37.68745199999999
AT1G43245,AT1G43245_P1,37.653158999999995
AT5G16980,AT5G16980_P1,37.615826
AT5G61250,AT5G61250_P3,37.59687100000001
AT5G37340,AT5G37340.2,37.567897
AT1G08530,AT1G08530_P2,37.563059
AT1G70630,AT1G70630_P2,37.480587
AT3G24740,AT3G24740_JS1,37.469718
AT3G60800,AT3G60800_ID4,37.43132000000001
AT5G16270,AT5G16270_c1,37.32753700000001
AT5G43140,AT5G43140_P2,37.248757
AT4G15415,AT4G15415_P3,37.242333
AT4G19510,AT4G19510_ID4,37.19130800000001
AT1G80650,AT1G80650_ID3,37.168009
AT4G13330,AT4G13330.1,37.15654
AT2G32170,AT2G32170_JS12,37.001314
AT3G63520,AT3G63520_s1,36.992537
AT5G40760,AT5G40760_JS1,36.955177
AT1G27000,AT1G27000_s1,36.876615
AT2G40650,AT2G40650_JS1,36.864065000000004
AT1G12330,AT1G12330_s1,36.826265
AT5G66780,AT5G66780_P2,36.822953
AT2G40900,AT2G40900_s1,36.572759
AT1G60670,AT1G60670_P4,36.563536000000006
AT4G34600,AT4G34600_ID1,36.558049000000004
AT5G58690,AT5G58690_P1,36.474768
AT5G20590,AT5G20590_P2,36.473271000000004
AT1G25420,AT1G25420_P4,36.417165000000004
AT1G67910,AT1G67910.2,36.278801
AT1G33415,AT1G33415_ID8,36.090553
AT1G45050,AT1G45050_ID4,36.065881000000005
AT1G78260,AT1G78260.2,35.928436000000005
AT3G02680,AT3G02680_P1,35.923647
AT3G07580,AT3G07580_P2,35.841713999999996
AT5G63260,AT5G63260_JS2,35.838129
AT3G11440,AT3G11440.1,35.704959
AT2G26460,AT2G26460_ID4,35.574083
AT4G02550,AT4G02550_P3,35.539045
AT5G48655,AT5G48655_P4,35.527190000000004
AT4G12770,AT4G12770_JS2,35.430679
AT1G26210,AT1G26210_ID2,35.383814
AT1G60810,AT1G60810_P2,35.373889
AT2G24630,AT2G24630_P1,35.316106000000005
AT4G36400,AT4G36400_ID146,35.305277000000004
AT4G15610,AT4G15610_P2,35.187861999999996
AT4G16745,AT4G16745_P1,34.908452
AT1G30550,AT1G30550_P1,34.896188
AT5G63520,AT5G63520_JS1,34.840348
AT4G19960,AT4G19960_ID2,34.800713
AT3G07130,AT3G07130_P2,34.768107
AT3G01090,AT3G01090_s1,34.7676
AT3G43700,AT3G43700_P2,34.734804999999994
AT5G44480,AT5G44480_s3,34.69266399999999
AT1G61065,AT1G61065_ID2,34.67205
AT3G03340,AT3G03340_P3,34.583855
AT1G13050,AT1G13050_P1,34.580845999999994
AT4G13560,AT4G13560_P1,34.561055
AT2G18790,AT2G18790_JS1,34.374491
AT4G27650,AT4G27650_s3,34.19036800000001
AT5G20680,AT5G20680_P4,34.043102000000005
AT5G04090,AT5G04090_P4,33.8045
AT1G51690,AT1G51690_s5,33.794711
AT1G33490,AT1G33490_c2,33.7774
AT3G54840,AT3G54840_P3,33.701274000000005
AT5G37190,AT5G37190_P2,33.631521
AT4G09150,AT4G09150_s1,33.527648
AT5G40910,AT5G40910_P5,33.475202
AT3G62220,AT3G62220_P3,33.394510000000004
AT5G26990,AT5G26990_s1,33.377933
AT1G64563,AT1G64563.1,33.361674
AT5G51620,AT5G51620_ID4,33.355498000000004
AT1G78995,AT1G78995_ID2,33.262031
AT5G54040,AT5G54040.1,33.26166
AT1G07020,AT1G07020_ID1,33.239653000000004
AT1G02410,AT1G02410_JS1,33.119043000000005
AT5G14930,AT5G14930_ID2,33.019106
AT4G15765,AT4G15765_JS1,32.995796999999996
AT5G05930,AT5G05930_P3,32.927966
AT5G50440,AT5G50440_ID2,32.789295
AT1G06700,AT1G06700_s1,32.784299
AT1G79070,AT1G79070_ID2,32.763668
AT5G59570,AT5G59570_ID2,32.710572
AT5G04440,AT5G04440_P2,32.451908
AT5G48290,AT5G48290_ID3,32.440952
AT4G21610,AT4G21610_ID2,32.406008
AT4G23510,AT4G23510_c1,32.357103
AT3G28660,AT3G28660_c1,32.33257
AT5G46690,AT5G46690_ID6,32.301398999999996
AT4G07400,AT4G07400_P1,32.264986
AT5G13080,AT5G13080_ID2,32.202098
AT5G25890,AT5G25890_c1,31.891611999999995
AT1G22650,AT1G22650_P2,31.855017
AT3G54440,AT3G54440_s1,31.835472
AT5G48960,AT5G48960_JS1,31.82678
AT4G23860,AT4G23860_s1,31.809721000000003
AT5G51370,AT5G51370_P1,31.792266000000005
AT5G14850,AT5G14850_P6,31.708004000000003
AT1G17990,AT1G17990_ID4,31.464037
AT2G28305,AT2G28305_P3,31.368993
AT5G05600,AT5G05600_JS2,31.331923000000003
AT5G42080,AT5G42080.2,31.196676999999998
AT1G46480,AT1G46480_P2,31.080144
AT1G30545,AT1G30545_P1,31.007105
AT1G65430,AT1G65430_s3,30.929697
AT1G35510,AT1G35510_s2,30.899766999999997
AT5G55840,AT5G55840_P2,30.897666
AT2G28940,AT2G28940_c1,30.857521
AT1G31050,AT1G31050_s1,30.762077
AT2G17320,AT2G17320_ID32,30.74747
AT1G15170,AT1G15170_ID2,30.702470000000005
AT1G53990,AT1G53990_ID1,30.692211999999998
AT5G24450,AT5G24450_JS2,30.677984000000002
AT5G66480,AT5G66480_P1,30.534587000000002
AT5G13340,AT5G13340_s1,30.470101999999997
AT3G14080,AT3G14080_s2,30.44439
AT3G13230,AT3G13230_c1,30.438394
AT5G26749,AT5G26749_ID2,30.435011
AT1G69526,AT1G69526_P2,30.349252
AT4G36940,AT4G36940_JC6,30.348938999999998
AT1G10095,AT1G10095_P1,29.817434
AT1G48880,AT1G48880_P1,29.560680999999995
AT4G22305,AT4G22305_P2,29.523638000000002
AT5G61830,AT5G61830_ID1,29.442764999999998
AT3G51870,AT3G51870_ID2,29.428086999999998
AT5G60870,AT5G60870_P4,29.398075000000002
AT1G04730,AT1G04730_P1,29.374597
AT2G23050,AT2G23050_P1,29.326662
AT2G16890,AT2G16890_P1,29.288605
AT4G24240,AT4G24240_s1,29.27744
AT5G55850,AT5G55850_ID1,29.113190999999997
AT5G17660,AT5G17660_ID4,29.097709000000002
AT3G49645,AT3G49645_ID9,28.979515999999997
AT3G60480,AT3G60480_P2,28.872809999999998
AT3G26134,AT3G26134_c1,28.86178
AT3G62770,AT3G62770.3,28.786888000000005
AT3G19895,AT3G19895_s2,28.73625
AT5G06310,AT5G06310_ID1,28.734015
AT1G08940,AT1G08940_ID2,28.7337
AT5G53150,AT5G53150_P4,28.681179
AT3G12100,AT3G12100_s9,28.542254
AT5G45310,AT5G45310_P2,28.475887999999998
AT1G18870,AT1G18870_ID5,28.280965000000002
AT1G70580,AT1G70580_JS1,28.255667
AT3G11950,AT3G11950_P3,28.059922
AT4G03060,AT4G03060_JS3,28.020637999999998
AT5G67110,AT5G67110_ID2,27.983686000000002
AT5G24000,AT5G24000_s4,27.962617
AT2G31900,AT2G31900_P5,27.948127
AT3G10090,AT3G10090_ID2,27.740603
AT4G28730,AT4G28730_ID3,27.641617000000004
AT1G01760,AT1G01760_c7,27.620829999999998
AT3G54970,AT3G54970_P5,27.580792000000002
AT1G52347,AT1G52347_ID1,27.429882000000003
AT4G17310,AT4G17310_c3,27.037632
AT1G48780,AT1G48780_P2,26.967216
AT5G13800,AT5G13800_P4,26.904685999999998
AT1G20696,AT1G20696_P5,26.772866999999998
AT5G27680,AT5G27680_P1,26.630535000000002
AT4G12460,AT4G12460_s7,26.554859999999998
AT2G26210,AT2G26210_P4,26.49492
AT3G24360,AT3G24360.1,26.269828
AT4G11970,AT4G11970_ID36,26.228697
AT5G11430,AT5G11430_P4,26.091525
AT4G14746,AT4G14746_P2,26.026507000000002
AT4G34020,AT4G34020_P4,25.845088
AT1G22440,AT1G22440_s1,25.793168
AT5G64685,AT5G64685_c1,25.773462000000002
AT1G54660,AT1G54660.1,25.509867
AT3G55120,AT3G55120_s1,25.466624000000003
AT5G25210,AT5G25210_JS1,25.265815000000003
AT2G03590,AT2G03590_P1,25.108007999999998
AT2G04845,AT2G04845_P4,25.099315
AT2G19400,AT2G19400_ID21,25.080628
AT4G01220,AT4G01220_P2,24.950896
AT4G18570,AT4G18570_ID2,24.875619
AT1G77310,AT1G77310.1,24.858307
AT4G31770,AT4G31770_P2,24.726854000000003
AT5G06270,AT5G06270_P1,24.516778000000002
AT2G01450,AT2G01450.3,24.465694
AT3G59870,AT3G59870_s1,24.457800000000002
AT3G13970,AT3G13970_P2,24.380305
AT2G21630,AT2G21630_P1,24.246065
AT3G61610,AT3G61610.1,24.135639
AT4G24050,AT4G24050_ID3,24.04721
AT3G16120,AT3G16120_P1,23.86825
AT5G65205,AT5G65205_s1,23.652388000000002
AT5G59890,AT5G59890_P2,23.652373
AT2G40630,AT2G40630_ID8,23.589408
AT3G48190,AT3G48190_P1,23.492257000000002
AT2G19430,AT2G19430_s1,23.23927
AT3G10820,AT3G10820_s1,22.846923
AT3G54510,AT3G54510_P5,22.739763
AT5G16600,AT5G16600_s1,22.508885
AT4G09810,AT4G09810_s1,22.139692000000004
AT1G55940,AT1G55940.1,21.72976
AT5G66110,AT5G66110_P1,21.627295
AT4G11880,AT4G11880_P2,21.296784000000002
AT2G28960,AT2G28960_P2,20.740805
AT3G24140,AT3G24140_s1,20.73509
AT4G26240,AT4G26240_JS2,20.361860999999998
AT2G37130,AT2G37130_s1,20.215805
AT5G65060,AT5G65060_P3,19.982532000000003
AT2G39910,AT2G39910_ID10,19.817331
AT5G13920,AT5G13920_P2,19.719495
AT1G14530,AT1G14530_c1,19.662179000000002
AT1G21610,AT1G21610_ID15,19.07305
AT1G21400,AT1G21400_P4,18.791612999999998
AT2G43400,AT2G43400_P2,18.673344
AT4G20350,AT4G20350_P6,18.667765
AT1G17590,AT1G17590_P2,18.486563
AT1G44180,AT1G44180_P1,17.884937
AT5G47900,AT5G47900_P1,17.808964
AT3G19360,AT3G19360_P2,17.609648
AT1G63100,AT1G63100_P2,17.600646
AT2G19190,AT2G19190.1,17.445566
AT5G47310,AT5G47310_c1,17.409481
AT3G23370,AT3G23370_P1,16.407307000000003
AT3G02070,AT3G02070_ID36,16.014875
AT1G73310,AT1G73310_P3,15.422177000000001
