gene,isoform,mean_nuc_L_tpm
AT2G21660,AT2G21660_s3,897.4717656666667
AT4G39260,AT4G39260_JC13,700.7165410000001
AT1G25098,AT1G25098_ID1,425.21585000000005
AT1G24825,AT1G24825_ID1,232.07791933333337
AT3G61860,AT3G61860_ID2,194.2433136666667
AT4G20850,AT4G20850_ID12,161.27932966666665
AT1G02840,AT1G02840_s1,161.256308
AT4G36690,AT4G36690_P3,155.7234096666667
AT4G36690,AT4G36690_P2,152.27263866666667
AT5G40450,AT5G40450_P1,149.701122
AT2G45380,AT2G45380_P2,149.20458799999997
AT4G19160,AT4G19160_P4,136.22569866666666
AT1G64790,AT1G64790_P3,127.35386133333333
AT5G25560,AT5G25560.4,127.09265233333333
AT3G50670,AT3G50670.2,126.51081700000002
AT1G13390,AT1G13390_P1,119.009284
AT3G14660,AT3G14660_P2,117.36758100000002
AT4G26630,AT4G26630_c1,105.86287333333333
AT3G57300,AT3G57300_s1,101.55148333333334
AT3G26510,AT3G26510_P7,100.63649400000001
AT3G13570,AT3G13570_CR2,96.24412
AT1G30970,AT1G30970_s2,94.32318833333333
AT5G24670,AT5G24670_c3,91.923818
AT2G25900,AT2G25900_ID1,89.65465333333333
AT2G01450,AT2G01450_ID30,87.86905533333334
AT1G10890,AT1G10890_JS3,87.51375966666667
AT4G18120,AT4G18120_ID119,86.55773233333332
AT4G16280,AT4G16280_JC3,85.21659033333333
AT3G30775,AT3G30775_P2,83.85189566666666
AT5G63370,AT5G63370_P1,83.19772333333333
AT5G64570,AT5G64570_P3,81.04657933333333
AT2G04690,AT2G04690_P3,79.92400033333334
AT3G59990,AT3G59990_c1,79.507155
AT1G28330,AT1G28330_P6,75.91862466666667
AT4G25170,AT4G25170_ID2,74.99849933333333
AT1G70620,AT1G70620_P4,73.81257933333335
AT2G30600,AT2G30600_ID91,73.013912
AT3G20250,AT3G20250_ID4,71.20540566666666
AT5G25770,AT5G25770_ID6,70.60155133333332
AT1G52710,AT1G52710_ID4,69.17433666666666
AT3G49430,AT3G49430_P6,62.51158
AT3G12080,AT3G12080.2,62.475393999999994
AT3G46130,AT3G46130_ID1,61.300004333333334
AT1G55310,AT1G55310_CR7,60.427796666666666
AT1G20920,AT1G20920_P3,59.811202333333334
AT1G56280,AT1G56280.1,57.628670666666665
AT1G60900,AT1G60900_JC3,57.33955066666667
AT3G27260,AT3G27260_s2,56.83030366666666
AT1G27520,AT1G27520_ID11,56.81971433333333
AT1G29357,AT1G29357_ID7,56.305708
AT2G02570,AT2G02570_ID33,55.921006
AT3G48360,AT3G48360_s1,54.425399666666664
AT1G21770,AT1G21770_ID2,53.28450633333333
AT2G16940,AT2G16940_P4,52.65409833333333
AT5G59780,AT5G59780_ID1,52.171562333333334
AT1G09140,AT1G09140_ID157,51.79983666666667
AT2G22980,AT2G22980_ID17,51.71864733333333
AT4G33150,AT4G33150_P4,50.02264
AT1G43670,AT1G43670_ID24,49.688892
AT1G10890,AT1G10890_P2,49.42450233333333
AT1G49500,AT1G49500_JS1,49.338299000000006
AT1G53780,AT1G53780_P3,48.59619566666667
AT1G27590,AT1G27590.1,48.08393433333333
AT2G13360,AT2G13360_P3,47.426065333333334
AT1G80980,AT1G80980_P1,47.425916666666666
AT5G27150,AT5G27150_ID3,46.986241666666665
AT4G36980,AT4G36980_ID23,45.465228
AT1G27520,AT1G27520_ID5,44.61343866666666
AT5G21930,AT5G21930_P4,43.90138233333334
AT2G29140,AT2G29140_ID2,43.80801533333334
AT3G21215,AT3G21215_P1,43.79117033333333
AT3G02260,AT3G02260_JS7,43.69672433333333
AT3G13224,AT3G13224_P1,43.33176133333333
AT5G03830,AT5G03830_s3,43.20006333333333
AT1G80380,AT1G80380_P5,43.049203999999996
AT1G60900,AT1G60900_ID15,42.570197666666665
AT3G13340,AT3G13340_ID57,42.472552
AT5G27950,AT5G27950_c1,42.304433
AT1G10910,AT1G10910_P2,41.96634166666667
AT3G61440,AT3G61440_P4,41.577357
AT3G04160,AT3G04160_P1,41.358657
AT1G20620,AT1G20620.2,41.04180133333333
AT1G09140,AT1G09140_ID155,40.781417
AT3G14990,AT3G14990.2,40.73340666666667
AT4G16990,AT4G16990_ID21,40.43954266666666
AT5G51410,AT5G51410_P2,40.083564333333335
AT3G24100,AT3G24100_s1,39.665509333333326
AT1G79790,AT1G79790_P2,39.416338333333336
AT4G36440,AT4G36440_ID6,39.117325666666666
AT5G25560,AT5G25560_ID13,38.872329
AT3G05160,AT3G05160_ID90,37.895099
AT2G26510,AT2G26510_P3,37.83299066666667
AT3G07780,AT3G07780_ID3,37.827974
AT3G56860,AT3G56860_P3,37.717106
AT1G56612,AT1G56612_ID2,37.689754
AT1G20620,AT1G20620.5,37.388955
AT4G39260,AT4G39260_s1,37.378374
AT3G20410,AT3G20410_P1,36.9422
AT1G58180,AT1G58180_P3,36.82669033333333
AT1G55310,AT1G55310_P4,36.55390933333333
AT2G05185,AT2G05185_ID4,36.40684033333333
AT1G69450,AT1G69450_P3,36.395424999999996
AT1G30230,AT1G30230_ID3,36.25225833333334
AT4G36980,AT4G36980_ID22,35.69902666666667
AT3G26890,AT3G26890_P1,35.57760533333333
AT4G35410,AT4G35410_ID1,35.404266
AT3G02300,AT3G02300_ID3,35.344459
AT1G02300,AT1G02300_ID11,34.97410133333333
AT2G18960,AT2G18960_P2,34.89533566666666
AT1G43850,AT1G43850_ID9,34.440262
AT1G29357,AT1G29357_ID5,34.371657
AT3G56860,AT3G56860_P1,34.332952999999996
AT5G26980,AT5G26980_ID10,34.21867533333334
AT5G56380,AT5G56380_P1,34.087499
AT4G32850,AT4G32850_P4,33.692202
AT3G25840,AT3G25840_ID21,33.45974366666667
AT4G16520,AT4G16520_P3,33.19013733333333
AT5G05310,AT5G05310_P9,33.07066
AT4G07507,AT4G07507_JS12,32.84114566666667
AT5G46410,AT5G46410_P3,32.71270933333333
AT4G25500,AT4G25500_CR3,32.27986633333333
AT3G13920,AT3G13920.4,32.21594033333333
AT3G11280,AT3G11280_ID2,32.166804000000006
AT1G10940,AT1G10940.2,32.00182
AT3G26690,AT3G26690_P2,31.998908999999998
AT1G05805,AT1G05805_ID1,31.996225666666664
AT1G20920,AT1G20920_P4,31.93335666666667
AT2G03780,AT2G03780_P2,31.71933466666667
AT3G51840,AT3G51840_s2,31.31629966666667
AT3G57170,AT3G57170_P1,31.245992666666666
AT1G32460,AT1G32460_ID2,31.144312333333332
AT3G45240,AT3G45240_P1,31.120085666666668
AT4G36690,AT4G36690_JC2,30.994975999999998
AT3G06080,AT3G06080_P1,30.664524333333333
AT2G05440,AT2G05440_P7,30.378927
AT3G26890,AT3G26890_P8,30.108118333333334
AT2G42330,AT2G42330_ID2,29.760344
AT3G48360,AT3G48360_P3,29.725922999999998
AT1G05830,AT1G05830_JC5,29.569873666666666
AT1G16180,AT1G16180_JS3,29.423994000000004
AT5G52040,AT5G52040_P5,29.11728066666667
AT5G25770,AT5G25770.1,28.976904
AT3G61180,AT3G61180_ID2,28.966601999999998
AT5G66030,AT5G66030_ID125,28.954092000000003
AT5G05000,AT5G05000_P3,28.942020333333335
AT2G46020,AT2G46020_P6,28.763901
AT1G21920,AT1G21920_P2,28.541695666666666
AT3G10250,AT3G10250_P3,28.459614000000002
AT4G03110,AT4G03110_P3,28.411252666666666
AT1G03080,AT1G03080_P3,28.362697666666662
AT5G20920,AT5G20920.3,28.068769000000003
AT2G45830,AT2G45830_P2,28.02096233333333
AT5G66040,AT5G66040_ID3,27.689862
AT3G14990,AT3G14990_c1,27.660451
AT5G13710,AT5G13710_ID3,27.44301366666667
AT5G63160,AT5G63160_s3,27.292910333333335
AT2G05380,AT2G05380.2,27.252293666666663
AT3G14205,AT3G14205_P2,26.875208
AT2G32320,AT2G32320.2,26.774732
AT5G10860,AT5G10860_ID8,26.739516999999996
AT2G14170,AT2G14170_ID39,26.683273333333336
AT1G20920,AT1G20920_P7,26.486078333333335
AT2G23980,AT2G23980_ID6,26.468186
AT1G02840,AT1G02840_c2,26.314341333333335
AT5G10350,AT5G10350_JS2,26.248624666666668
AT5G58410,AT5G58410_c1,26.008671333333336
AT1G27290,AT1G27290_ID2,25.856007333333334
AT2G14260,AT2G14260_P2,25.822089666666667
AT3G06290,AT3G06290_JS20,25.606597000000004
AT1G58030,AT1G58030_c1,25.593003666666664
AT3G26510,AT3G26510_P6,25.571367999999996
AT2G14170,AT2G14170.3,25.511818333333338
AT1G02840,AT1G02840_s2,25.375513
AT1G04510,AT1G04510_ID7,25.321680666666666
AT5G65380,AT5G65380_JS1,25.055160666666666
AT5G62950,AT5G62950_P4,24.994558666666666
AT3G11540,AT3G11540_ID2,24.956732
AT5G57565,AT5G57565_P2,24.805735666666667
AT1G78240,AT1G78240_ID10,24.71866
AT2G01530,AT2G01530_P1,24.490889999999997
AT3G14610,AT3G14610_P1,24.416775333333334
AT1G18950,AT1G18950_P1,24.387913333333334
AT3G47250,AT3G47250_ID2,24.008994666666666
AT4G11830,AT4G11830.1,23.581732333333335
AT3G04500,AT3G04500_c2,23.574054666666665
AT3G61010,AT3G61010_ID80,23.441044666666667
AT4G18710,AT4G18710_P2,23.429395666666668
AT4G33625,AT4G33625_ID1,23.283418666666666
AT1G20920,AT1G20920_P6,23.197479333333334
AT5G58720,AT5G58720_ID16,23.042468333333332
AT4G31880,AT4G31880_c1,23.025839666666666
AT1G04300,AT1G04300_ID71,22.98077333333333
AT1G25175,AT1G25175_ID1,22.92627833333333
AT5G05140,AT5G05140_s1,22.790850666666667
AT3G50750,AT3G50750_ID2,22.75789466666667
AT3G13750,AT3G13750_s1,22.699736666666666
AT4G01450,AT4G01450_P4,22.627578
AT4G13460,AT4G13460_P2,22.419916333333333
AT3G61060,AT3G61060_s1,22.409166999999997
AT1G55810,AT1G55810_P3,22.404134666666664
AT1G20920,AT1G20920_P5,22.342158333333334
AT1G22930,AT1G22930.2,22.279813
AT5G18850,AT5G18850_ID2,22.269965
AT3G06450,AT3G06450_ID10,22.19631533333333
AT5G10350,AT5G10350_c1,22.121071999999998
AT1G02120,AT1G02120_ID36,22.045774666666663
AT4G31570,AT4G31570_JC8,22.02703166666667
AT1G53400,AT1G53400_ID1,22.026248
AT4G27090,AT4G27090_JC4,22.025597666666666
AT4G02430,AT4G02430.2,21.85248233333333
AT5G18640,AT5G18640_P2,21.613282333333334
AT2G03640,AT2G03640_s1,21.609946333333337
AT5G16470,AT5G16470_P1,21.521103666666665
AT4G20260,AT4G20260.4,21.422591666666666
AT5G40450,AT5G40450_JS2,21.24507733333333
AT1G33050,AT1G33050_P1,21.23621066666667
AT1G15750,AT1G15750_P3,21.061815333333332
AT3G55450,AT3G55450_ID2,21.016442
AT3G06380,AT3G06380_ID1,20.984635333333333
AT1G10070,AT1G10070_ID8,20.815801333333336
AT3G10920,AT3G10920.2,20.740150999999997
AT2G02570,AT2G02570_JC4,20.651809
AT5G28640,AT5G28640_s1,20.641806333333335
AT4G24680,AT4G24680_P3,20.508325333333335
AT5G57565,AT5G57565_P6,20.459300666666667
AT4G34030,AT4G34030_ID4,20.413195333333334
AT4G18140,AT4G18140_P4,20.361017
AT2G17710,AT2G17710_ID1,20.332772666666667
AT3G25840,AT3G25840_c2,20.299376333333335
AT3G04940,AT3G04940_P2,20.13713033333333
AT1G05890,AT1G05890_s1,20.096976
AT3G18035,AT3G18035_P2,20.051846666666666
AT5G02810,AT5G02810_JS12,20.032508
AT3G11560,AT3G11560_ID13,19.992250666666667
AT5G13710,AT5G13710_JC26,19.965733333333333
AT4G18140,AT4G18140_P5,19.854006000000002
AT5G11950,AT5G11950_P4,19.719908999999998
AT5G45470,AT5G45470_ID3,19.652996333333334
AT4G00355,AT4G00355_P3,19.630414666666667
AT2G35940,AT2G35940_ID14,19.586916666666667
AT2G04800,AT2G04800_P2,19.537139
AT5G04090,AT5G04090_c2,19.317342999999997
AT3G07280,AT3G07280_ID12,19.252867
AT1G24350,AT1G24350_ID4,19.221634666666663
AT5G19450,AT5G19450_JS1,19.203031
AT3G57930,AT3G57930_P2,19.115582333333332
AT5G27350,AT5G27350_ID13,19.102251
AT5G13740,AT5G13740_ID10,19.028284333333332
AT1G51430,AT1G51430_ID7,19.002737
AT2G25850,AT2G25850_ID90,18.98045466666667
AT3G05165,AT3G05165_JS16,18.97372233333333
AT1G12410,AT1G12410_ID3,18.946184666666667
AT4G25280,AT4G25280_c1,18.923416
AT2G23790,AT2G23790_ID3,18.883479333333334
AT2G34680,AT2G34680_P2,18.681214666666666
AT5G01960,AT5G01960_ID4,18.572413
AT3G61860,AT3G61860_s1,18.529250333333334
AT1G76705,AT1G76705_JS6,18.522783333333333
AT4G15530,AT4G15530_P2,18.496977666666666
AT1G22040,AT1G22040_ID1,18.388934666666668
AT3G29130,AT3G29130_P5,18.17765866666667
AT2G22980,AT2G22980_ID18,17.889686
AT5G18245,AT5G18245.1,17.83576233333333
AT5G22050,AT5G22050_ID1,17.823575333333334
AT2G18196,AT2G18196_P1,17.802651666666666
AT2G06025,AT2G06025_ID122,17.673158333333333
AT1G10290,AT1G10290_JC4,17.594361000000003
AT1G33050,AT1G33050_P6,17.517867666666664
AT3G20810,AT3G20810_P5,17.467461
AT3G25840,AT3G25840_JS11,17.432403666666666
AT1G29850,AT1G29850_c1,17.432190333333335
AT1G63690,AT1G63690_s1,17.38865733333333
AT4G17460,AT4G17460_ID3,17.325382
AT1G16890,AT1G16890_P1,17.236085666666668
AT3G03330,AT3G03330_c1,17.225975666666667
AT3G25840,AT3G25840_JS14,17.203691
AT1G59900,AT1G59900_c2,17.156819666666667
AT5G03900,AT5G03900_ID18,17.096772666666666
AT1G49032,AT1G49032_P2,17.078314333333335
AT2G37340,AT2G37340.2,17.037922000000002
AT3G47340,AT3G47340.2,16.938792
AT2G02080,AT2G02080_P3,16.656890999999998
AT4G36730,AT4G36730_ID6,16.55431833333333
AT2G18280,AT2G18280.2,16.516741666666665
AT4G28080,AT4G28080_ID3,16.493801666666666
AT3G51040,AT3G51040_P2,16.49347933333333
AT5G01215,AT5G01215_ID2,16.366322666666665
AT1G16240,AT1G16240_ID2,16.30818533333333
AT3G05932,AT3G05932.1,16.277437000000003
AT1G10570,AT1G10570_ID53,16.250085666666667
AT2G32700,AT2G32700.3,16.228016666666665
AT1G06410,AT1G06410_P2,16.208901333333333
AT5G65740,AT5G65740_P3,16.197384
AT3G51640,AT3G51640_P2,16.19655566666667
AT2G18700,AT2G18700_ID2,16.174488666666665
AT2G40640,AT2G40640_ID7,16.165790333333334
AT1G08230,AT1G08230_P4,16.122616
AT3G57470,AT3G57470_JS11,16.121084
AT3G46385,AT3G46385.1,15.948815999999999
AT5G64360,AT5G64360_P2,15.924433
AT1G12140,AT1G12140_s1,15.834954000000002
AT3G10770,AT3G10770_P2,15.830127
AT1G80050,AT1G80050_ID6,15.780930333333332
AT2G02870,AT2G02870_P3,15.755784999999998
AT2G17200,AT2G17200_ID2,15.672724
AT3G28690,AT3G28690_P1,15.647345333333334
AT1G06890,AT1G06890_ID7,15.641367
AT3G49260,AT3G49260.2,15.622852666666667
AT3G45190,AT3G45190_s1,15.606852333333334
AT1G15125,AT1G15125_P2,15.574307666666668
AT4G08930,AT4G08930_ID2,15.51952
AT5G13980,AT5G13980_ID166,15.505852666666668
AT5G06690,AT5G06690_P2,15.435213333333332
AT5G61530,AT5G61530_P4,15.403409666666667
AT1G15350,AT1G15350_s1,15.403381000000001
AT3G55770,AT3G55770.3,15.39840833333333
AT3G02510,AT3G02510_P3,15.355400333333334
AT1G48430,AT1G48430_ID4,15.354125333333334
AT2G45380,AT2G45380_ID9,15.291755333333334
AT4G15080,AT4G15080_P2,15.233169333333334
AT5G65000,AT5G65000.2,15.228641999999999
AT2G39780,AT2G39780_JS7,15.210937333333334
AT3G20630,AT3G20630_s1,15.183958000000002
AT4G14920,AT4G14920_c1,15.118756333333332
AT2G23030,AT2G23030_P1,15.017819333333334
AT2G21190,AT2G21190_ID2,14.968840333333333
AT1G53570,AT1G53570_P7,14.941976000000002
AT4G02760,AT4G02760_ID4,14.938969
AT2G22980,AT2G22980_ID20,14.813457
AT2G40490,AT2G40490_c1,14.806403000000001
AT1G75220,AT1G75220_ID19,14.740973666666667
AT2G40190,AT2G40190_ID4,14.693261333333332
AT4G16990,AT4G16990_ID23,14.68641
AT1G46554,AT1G46554.1,14.658054000000002
AT4G38520,AT4G38520_ID6,14.657974666666666
AT5G25520,AT5G25520_ID1,14.524675333333334
AT3G11230,AT3G11230_ID7,14.455307666666664
AT3G13450,AT3G13450_ID1,14.370455333333332
AT4G03510,AT4G03510_P3,14.181927333333334
AT5G63370,AT5G63370_P9,14.156105333333334
AT2G39580,AT2G39580_JS12,14.116043
AT1G10890,AT1G10890_c1,14.114652000000001
AT1G23960,AT1G23960_ID2,13.978715
AT5G22875,AT5G22875_P3,13.977710666666667
AT4G30720,AT4G30720_s1,13.944678333333334
AT2G17430,AT2G17430_s1,13.929666
AT3G07280,AT3G07280.1,13.916058333333332
AT2G02570,AT2G02570_ID32,13.829120333333334
AT4G37870,AT4G37870_ID1,13.808816
AT5G44090,AT5G44090_JS2,13.723308666666668
AT1G79000,AT1G79000_ID8,13.703716666666667
AT2G41500,AT2G41500_ID1,13.691898
AT4G03190,AT4G03190_ID2,13.672428333333334
AT2G02765,AT2G02765_P1,13.671129666666667
AT4G08290,AT4G08290_P2,13.629632
AT1G58602,AT1G58602_JS21,13.527364999999998
AT2G39570,AT2G39570_c1,13.522447333333332
AT3G22170,AT3G22170_ID5,13.507645000000002
AT3G13550,AT3G13550_ID1,13.424329666666665
AT3G46220,AT3G46220.2,13.398253666666667
AT1G55810,AT1G55810_ID13,13.371435333333332
AT5G01810,AT5G01810_P1,13.309591
AT5G64240,AT5G64240_ID2,13.247395333333335
AT2G43320,AT2G43320_JC1,13.228117333333335
AT1G28960,AT1G28960_P1,13.228039666666666
AT5G58640,AT5G58640_ID2,13.216147
AT5G62600,AT5G62600_JS2,13.098468333333335
AT5G24530,AT5G24530_s1,13.082045
AT1G04300,AT1G04300.2,13.054110666666666
AT4G37010,AT4G37010_P1,13.008348666666668
AT2G24550,AT2G24550_ID2,12.962504333333333
AT5G24680,AT5G24680_ID2,12.940771666666668
AT4G33380,AT4G33380.2,12.923728666666667
AT3G63340,AT3G63340_P7,12.914740333333333
AT5G27760,AT5G27760_c1,12.912380333333333
AT5G18130,AT5G18130.2,12.899843666666667
AT2G20960,AT2G20960_P4,12.857615000000001
AT3G57170,AT3G57170_s3,12.838643666666668
AT1G80380,AT1G80380_P3,12.813527666666667
AT3G11620,AT3G11620.1,12.805969333333332
AT4G33980,AT4G33980_P1,12.763073666666665
AT3G13340,AT3G13340_s1,12.723268666666668
AT2G20740,AT2G20740_ID2,12.690106666666667
AT3G13320,AT3G13320_s1,12.500915333333333
AT4G16890,AT4G16890_ID8,12.480811000000001
AT1G27320,AT1G27320_ID2,12.419069
AT4G36850,AT4G36850_P2,12.336929333333332
AT5G24580,AT5G24580_P5,12.303462000000001
AT4G20300,AT4G20300_s2,12.297189666666668
AT5G44250,AT5G44250_ID6,12.203955
AT4G02430,AT4G02430_ID3,12.176222666666666
AT4G29950,AT4G29950_ID4,12.078805000000001
AT4G01330,AT4G01330_ID3,12.041352333333334
AT2G11280,AT2G11280_s5,12.009972333333332
AT1G03470,AT1G03470_P1,12.009825
AT5G48120,AT5G48120_P3,12.000770666666668
AT1G08060,AT1G08060_P1,11.930358333333333
AT5G63620,AT5G63620_P3,11.927131666666666
AT4G02430,AT4G02430_P4,11.861828000000001
AT3G63340,AT3G63340_c6,11.835341999999999
AT5G66240,AT5G66240_ID4,11.824198333333333
AT1G70620,AT1G70620_P7,11.789187333333333
AT3G27310,AT3G27310_ID5,11.775983000000002
AT2G42330,AT2G42330_P2,11.773671333333334
AT1G12920,AT1G12920_c2,11.753221333333334
AT4G20930,AT4G20930_JS3,11.730924333333334
AT5G53550,AT5G53550_P6,11.715571000000002
AT1G01240,AT1G01240_P3,11.702182666666666
AT2G02710,AT2G02710_P4,11.697958999999999
AT1G80420,AT1G80420_P5,11.697941
AT5G57565,AT5G57565_P1,11.633013333333333
AT3G15351,AT3G15351_P5,11.611256
AT1G43886,AT1G43886.1,11.605513333333334
AT5G05550,AT5G05550_ID3,11.580927
AT2G05440,AT2G05440.1,11.567609333333335
AT1G75850,AT1G75850_c1,11.437150666666666
AT1G78290,AT1G78290_ID2,11.413438
AT2G22980,AT2G22980_ID19,11.364467666666668
AT1G17680,AT1G17680_JS9,11.315181666666666
AT3G18520,AT3G18520_JS2,11.221689666666668
AT1G63855,AT1G63855_ID9,11.220869333333333
AT4G24690,AT4G24690_ID2,11.193250666666666
AT1G01490,AT1G01490_P3,11.156666666666666
AT1G60060,AT1G60060_ID2,11.147045333333333
AT1G21380,AT1G21380_ID11,11.129678
AT1G66750,AT1G66750_ID2,11.108650666666668
AT3G16270,AT3G16270_P2,11.084178
AT5G54500,AT5G54500_ID1,11.033763333333333
AT3G58500,AT3G58500_c1,11.015833
AT5G06440,AT5G06440_ID10,11.013862333333334
AT3G52260,AT3G52260_ID10,11.013215666666667
AT4G29940,AT4G29940_ID29,11.003154666666667
AT4G26570,AT4G26570.2,10.957855333333333
AT1G78670,AT1G78670_JS2,10.956484333333334
AT5G44572,AT5G44572.1,10.942721333333333
AT4G25690,AT4G25690.1,10.880119
AT5G14500,AT5G14500_c1,10.845927666666666
AT3G55460,AT3G55460_c1,10.81191
AT1G67500,AT1G67500_P6,10.797619333333332
AT2G35040,AT2G35040.2,10.780270333333334
AT2G47060,AT2G47060_P6,10.754717
AT3G21260,AT3G21260_ID1,10.667300333333335
AT1G70180,AT1G70180_P4,10.611885
AT5G65970,AT5G65970_ID8,10.602344
AT2G16700,AT2G16700_P1,10.542977
AT1G76590,AT1G76590_ID2,10.444947
AT5G48160,AT5G48160_c1,10.406021333333333
AT4G02430,AT4G02430_CR5,10.403430333333333
AT2G42880,AT2G42880_P2,10.364194666666666
AT4G16690,AT4G16690_ID1,10.305940666666666
AT5G03830,AT5G03830_c4,10.282688
AT3G13740,AT3G13740_P6,10.279958666666667
AT3G56860,AT3G56860_P4,10.278746333333332
AT2G39690,AT2G39690_P4,10.256251666666666
AT4G29890,AT4G29890_ID8,10.255237333333334
AT4G39080,AT4G39080_JS2,10.217133333333335
AT5G13240,AT5G13240_ID12,10.187318
AT3G05420,AT3G05420_c2,10.174094666666667
AT4G12990,AT4G12990_s3,10.148734666666668
AT1G54610,AT1G54610_ID2,10.043365999999999
AT2G35630,AT2G35630_P1,10.037909666666666
AT2G20780,AT2G20780_P2,10.035391333333333
AT1G75750,AT1G75750_P2,10.033130333333332
AT3G54500,AT3G54500_P2,10.009150333333332
AT5G59960,AT5G59960_c1,10.006308666666667
AT1G08620,AT1G08620_P4,9.915739666666667
AT4G38470,AT4G38470_P3,9.909451666666667
AT5G53300,AT5G53300_ID1,9.869898333333333
AT3G56310,AT3G56310_ID20,9.842785333333333
AT5G59960,AT5G59960_P3,9.840629
AT4G28640,AT4G28640_P3,9.837708666666666
AT3G14230,AT3G14230.1,9.831994
AT1G78000,AT1G78000_s1,9.829842999999999
AT4G38060,AT4G38060_P1,9.809488333333332
AT3G13340,AT3G13340_P2,9.801561
AT1G63260,AT1G63260_P1,9.792131666666666
AT2G26030,AT2G26030_P1,9.786941
AT1G69840,AT1G69840_P3,9.778958333333334
AT3G60640,AT3G60640_ID3,9.757085
AT4G21730,AT4G21730.1,9.740291666666666
AT5G46340,AT5G46340_ID15,9.709726
AT1G68580,AT1G68580_s1,9.698214333333333
AT1G14870,AT1G14870_P2,9.688098333333334
AT3G14010,AT3G14010_ID15,9.667525
AT3G11620,AT3G11620_ID22,9.666737333333334
AT1G20693,AT1G20693_ID1,9.647383
AT4G21410,AT4G21410_P2,9.627352
AT4G21410,AT4G21410_P3,9.618816666666666
AT5G60430,AT5G60430_P3,9.571955
AT5G03415,AT5G03415_ID2,9.571367333333333
AT1G27920,AT1G27920_ID8,9.570692000000001
AT3G56140,AT3G56140_ID2,9.540101666666667
AT5G23050,AT5G23050_s1,9.498392666666668
AT1G43590,AT1G43590_s3,9.477144666666666
AT1G03610,AT1G03610_P2,9.447060666666667
AT3G02560,AT3G02560.2,9.446483666666666
AT5G40240,AT5G40240_P3,9.435401333333333
AT3G56310,AT3G56310_ID14,9.355695
AT5G64250,AT5G64250.1,9.332384333333332
AT5G11010,AT5G11010_P4,9.326423666666667
AT1G76580,AT1G76580_P2,9.314062
AT5G51230,AT5G51230_JS1,9.309208666666668
AT2G42190,AT2G42190_s2,9.296449666666666
AT5G61250,AT5G61250_P3,9.277036333333333
AT5G24270,AT5G24270_P3,9.253715666666666
AT2G40110,AT2G40110_ID5,9.243377
AT3G13235,AT3G13235.3,9.231154333333334
AT1G08510,AT1G08510_JC1,9.223059999999998
AT1G12290,AT1G12290_P2,9.219222
AT5G45130,AT5G45130_JC3,9.215740666666667
AT4G03510,AT4G03510_P2,9.212906666666667
AT1G31812,AT1G31812_ID3,9.202629666666667
AT3G13450,AT3G13450_ID3,9.169513666666667
AT2G39690,AT2G39690_P8,9.123835333333334
AT1G50970,AT1G50970_JS9,9.122995333333334
AT3G01435,AT3G01435_P2,9.107546333333334
AT2G34590,AT2G34590_JC3,9.038539
AT5G61990,AT5G61990_P1,8.960963666666666
AT5G57655,AT5G57655.1,8.947393333333332
AT5G21170,AT5G21170_ID2,8.919610666666665
AT2G32700,AT2G32700_ID2,8.901868666666667
AT2G40935,AT2G40935_JS12,8.898731
AT4G40060,AT4G40060_ID2,8.888429333333333
AT5G53550,AT5G53550_P4,8.831878666666666
AT3G59660,AT3G59660_ID28,8.824667666666667
AT4G28300,AT4G28300_P2,8.810607
AT5G22000,AT5G22000.3,8.790853
AT3G57230,AT3G57230_P3,8.771068999999999
AT5G20250,AT5G20250_ID16,8.747316333333334
AT3G24740,AT3G24740_s1,8.670051333333333
AT1G25175,AT1G25175.1,8.668034666666667
AT2G35630,AT2G35630_s3,8.642723333333334
AT5G08170,AT5G08170_P3,8.634031333333335
AT3G59330,AT3G59330_P2,8.632669666666667
AT3G59530,AT3G59530_P3,8.623636
AT4G17370,AT4G17370_P2,8.617754333333332
AT5G24630,AT5G24630_ID22,8.612185666666667
AT1G10910,AT1G10910_ID6,8.601597
AT4G10925,AT4G10925_P1,8.590410333333333
AT2G17320,AT2G17320_s4,8.570737333333334
AT4G36980,AT4G36980_ID2,8.485762
AT1G33060,AT1G33060_P1,8.447583666666667
AT5G55930,AT5G55930_ID4,8.445343
AT5G08760,AT5G08760_ID2,8.414017666666666
AT1G70100,AT1G70100_P5,8.412851999999999
AT2G17320,AT2G17320_c1,8.412705
AT1G55675,AT1G55675_P1,8.412094
AT2G35510,AT2G35510_JS1,8.402470333333333
AT3G62290,AT3G62290.3,8.355727333333334
AT4G34890,AT4G34890_JS3,8.311173333333334
AT2G39090,AT2G39090_ID35,8.276082
AT5G66040,AT5G66040_ID5,8.274238666666667
AT1G64230,AT1G64230.2,8.272882333333333
AT2G25870,AT2G25870_s3,8.242959333333333
AT5G46410,AT5G46410_ID2,8.239666
AT5G22270,AT5G22270_ID1,8.23614
AT3G56040,AT3G56040_c4,8.229199
AT5G18245,AT5G18245_ID51,8.218843999999999
AT5G38470,AT5G38470.2,8.216560666666666
AT1G48360,AT1G48360_P5,8.192867333333334
AT3G49645,AT3G49645_ID2,8.181963999999999
AT2G23985,AT2G23985_P10,8.166562333333333
AT3G21510,AT3G21510_P1,8.160206
AT1G55475,AT1G55475_ID8,8.147357
AT1G60610,AT1G60610_P4,8.145931
AT4G11880,AT4G11880_P1,8.143139333333334
AT3G05560,AT3G05560.2,8.122152
AT5G66170,AT5G66170_ID1,8.102616666666668
AT3G46180,AT3G46180_s3,8.076760333333333
AT1G43670,AT1G43670_ID27,8.076594333333333
AT2G01450,AT2G01450_ID29,8.075629
AT3G61850,AT3G61850_P2,8.048751666666666
AT3G51310,AT3G51310_ID11,8.044836333333334
AT1G03380,AT1G03380_ID2,8.034743333333333
AT3G51800,AT3G51800.2,8.028052666666667
AT5G51290,AT5G51290_c3,8.021910333333333
AT1G75295,AT1G75295.2,8.011465666666666
AT5G08630,AT5G08630_ID4,7.9947126666666675
AT5G62260,AT5G62260_P3,7.986872666666667
AT1G27920,AT1G27920_ID20,7.950041
AT1G60200,AT1G60200_JS8,7.881114
AT4G25400,AT4G25400_P1,7.879001
AT2G21660,AT2G21660_c3,7.853040666666668
AT3G01560,AT3G01560_ID1,7.8522446666666665
AT5G62950,AT5G62950_P5,7.819181333333333
AT2G36410,AT2G36410_P3,7.765672666666667
AT2G25590,AT2G25590_ID24,7.743106666666667
AT4G10925,AT4G10925_P4,7.732164333333333
AT1G06080,AT1G06080_P2,7.704497333333333
AT5G18630,AT5G18630_ID177,7.699402999999999
AT3G11230,AT3G11230_P2,7.689879
AT1G79710,AT1G79710_P1,7.671970999999999
AT5G04510,AT5G04510_P2,7.659327666666667
AT1G21400,AT1G21400_P6,7.650868666666667
AT5G03520,AT5G03520.2,7.650296
AT1G08320,AT1G08320_P2,7.641608333333333
AT5G51780,AT5G51780_s1,7.641386333333333
AT2G44750,AT2G44750_ID2,7.630372
AT4G30720,AT4G30720_s2,7.595431666666667
AT5G38210,AT5G38210_ID2,7.577407333333333
AT1G55350,AT1G55350_P4,7.567720333333334
AT2G47000,AT2G47000_P7,7.5586883333333335
AT3G17740,AT3G17740_c1,7.544243000000001
AT5G10710,AT5G10710_P2,7.539481666666667
AT5G56750,AT5G56750_P2,7.531953333333334
AT1G14640,AT1G14640_P2,7.508798666666666
AT3G04970,AT3G04970_ID10,7.496647333333333
AT4G36980,AT4G36980.3,7.475082333333333
AT4G38470,AT4G38470_P2,7.471494
AT3G02250,AT3G02250_ID2,7.468076666666666
AT1G04830,AT1G04830_s1,7.466229333333334
AT1G68190,AT1G68190_P3,7.464438333333334
AT3G45290,AT3G45290_ID8,7.4518536666666675
AT1G08630,AT1G08630_JC3,7.448127666666667
AT1G70100,AT1G70100_P1,7.414629000000001
AT4G33500,AT4G33500_ID7,7.4129803333333335
AT4G36980,AT4G36980_ID29,7.377777333333333
AT4G25880,AT4G25880.2,7.357548
AT2G38820,AT2G38820_P1,7.346262333333333
AT5G25900,AT5G25900_c1,7.330215333333334
AT3G55005,AT3G55005_ID2,7.327188
AT2G31900,AT2G31900_P5,7.316902333333332
AT5G62165,AT5G62165_P8,7.299560666666667
AT5G10510,AT5G10510_P2,7.253894
AT1G01650,AT1G01650_s5,7.2439029999999995
AT2G02090,AT2G02090_s1,7.240146
AT2G41060,AT2G41060_c2,7.228652333333334
AT5G48160,AT5G48160.2,7.226501
AT2G05520,AT2G05520.4,7.183352666666667
AT3G55770,AT3G55770_P6,7.167806666666666
AT2G35920,AT2G35920_JS4,7.160702333333333
AT5G28770,AT5G28770_P4,7.1428
AT1G58180,AT1G58180_P5,7.142796333333333
AT5G46330,AT5G46330_ID2,7.133452000000001
AT5G45830,AT5G45830_s1,7.123068333333333
AT3G59100,AT3G59100_JC5,7.094905
AT5G14720,AT5G14720_ID6,7.065409666666667
AT3G12740,AT3G12740_c1,7.050494666666666
AT5G66050,AT5G66050.2,7.046445333333334
AT1G09760,AT1G09760_ID2,7.0426356666666665
AT3G04605,AT3G04605_JS2,7.018020333333333
AT2G01450,AT2G01450_P1,7.015163333333334
AT1G24190,AT1G24190.1,7.012296333333333
AT1G12230,AT1G12230.2,6.939565666666667
AT4G19510,AT4G19510_P8,6.907705666666666
AT5G59420,AT5G59420_ID5,6.901502666666666
AT5G45050,AT5G45050_P3,6.896431666666667
AT1G51200,AT1G51200_P2,6.894701333333333
AT5G03830,AT5G03830_s1,6.873526000000001
AT4G13250,AT4G13250.2,6.869983666666666
AT1G16810,AT1G16810_P1,6.864070000000001
AT4G02430,AT4G02430_ID1,6.827003333333333
AT2G40820,AT2G40820_P2,6.824960333333333
AT1G22910,AT1G22910_ID2,6.808953666666667
AT1G61150,AT1G61150_P11,6.805125666666666
AT3G09560,AT3G09560_s1,6.77931
AT5G09230,AT5G09230.3,6.765502000000001
AT4G25400,AT4G25400_ID2,6.744117333333333
AT3G14840,AT3G14840_ID7,6.737594666666666
AT3G55850,AT3G55850_P4,6.734474666666666
AT4G32560,AT4G32560_ID6,6.720186333333334
AT5G03406,AT5G03406_ID8,6.702630333333334
AT5G03500,AT5G03500_P2,6.700340999999999
AT4G36980,AT4G36980_s4,6.690808333333334
AT1G11930,AT1G11930_c1,6.675036333333334
AT5G53010,AT5G53010_JS12,6.671708666666667
AT2G45880,AT2G45880_JS2,6.656307333333333
AT1G03550,AT1G03550_ID16,6.6235
AT1G75295,AT1G75295_ID47,6.619425666666667
AT1G52200,AT1G52200_P2,6.606564666666666
AT4G20260,AT4G20260.1,6.598557333333333
AT3G10450,AT3G10450_P2,6.586151999999999
AT2G23680,AT2G23680_ID3,6.572693666666666
AT1G01770,AT1G01770_ID15,6.570296333333334
AT3G13930,AT3G13930_c1,6.562507
AT2G41100,AT2G41100_P6,6.5398966666666665
AT5G24630,AT5G24630.4,6.516900333333333
AT1G62920,AT1G62920_c1,6.462912333333333
AT5G24630,AT5G24630_ID19,6.455157333333333
AT1G34370,AT1G34370_c2,6.388177333333334
AT2G22980,AT2G22980_ID40,6.3753953333333335
AT1G69220,AT1G69220_ID6,6.359365666666666
AT5G46330,AT5G46330_P1,6.3334486666666665
AT5G20350,AT5G20350_ID1,6.323582666666667
AT3G58350,AT3G58350.1,6.3203439999999995
AT1G03160,AT1G03160_P3,6.308999333333333
AT1G66760,AT1G66760_P3,6.302008333333333
AT1G17520,AT1G17520_c3,6.288177999999999
AT5G04430,AT5G04430_JS4,6.284488666666667
AT5G49400,AT5G49400_JS3,6.266650666666667
AT1G10910,AT1G10910_s2,6.263083666666667
AT4G32350,AT4G32350_P2,6.262372
AT5G22920,AT5G22920_P2,6.257682
AT1G23860,AT1G23860.4,6.231721333333333
AT1G47380,AT1G47380_c1,6.224829333333333
AT5G53550,AT5G53550_P5,6.216383666666666
AT1G22890,AT1G22890_ID3,6.205102
AT1G15040,AT1G15040.2,6.203206999999999
AT1G48310,AT1G48310_P3,6.185371
AT2G48130,AT2G48130_P2,6.153572666666666
AT4G17040,AT4G17040_ID7,6.148136
AT4G28040,AT4G28040.5,6.147841333333333
AT2G02570,AT2G02570_JC8,6.139076
AT5G60410,AT5G60410_ID3,6.115842000000001
AT5G66040,AT5G66040_ID1,6.110959333333334
AT1G30470,AT1G30470_ID2,6.105990333333334
AT1G02840,AT1G02840_c3,6.102693333333334
AT1G34315,AT1G34315_ID1,6.093374666666667
AT2G20900,AT2G20900_P2,6.071146
AT3G07280,AT3G07280_ID10,6.0690789999999994
AT5G11600,AT5G11600_P2,6.060555666666666
AT1G08900,AT1G08900_P4,6.046418
AT2G43500,AT2G43500_JS22,6.023481666666666
AT4G24180,AT4G24180_s1,6.015550666666667
AT5G61440,AT5G61440_s1,6.010037333333333
AT1G76850,AT1G76850_ID12,6.002419
AT4G01026,AT4G01026_ID1,5.960664
AT5G25770,AT5G25770_ID9,5.955985666666667
AT2G42330,AT2G42330.1,5.946611333333333
AT5G07940,AT5G07940_P1,5.941394
AT3G60450,AT3G60450_ID3,5.923314666666667
AT2G25590,AT2G25590_ID12,5.8878226666666675
AT3G02990,AT3G02990_c1,5.883112333333333
AT1G50200,AT1G50200.2,5.882864333333334
AT5G40720,AT5G40720_P1,5.860378333333333
AT4G36980,AT4G36980_s1,5.8467286666666665
AT3G23255,AT3G23255_ID8,5.832085
AT4G39850,AT4G39850_P4,5.825490666666667
AT4G09800,AT4G09800_c1,5.825315666666666
AT1G55750,AT1G55750_P2,5.824065666666667
AT3G49500,AT3G49500_P3,5.814899333333334
AT1G19540,AT1G19540_ID2,5.804723333333333
AT4G31240,AT4G31240_P2,5.801101
AT3G06550,AT3G06550_P2,5.778102333333334
AT3G13740,AT3G13740_P4,5.7548449999999995
AT5G22920,AT5G22920_c1,5.742215999999999
AT2G27500,AT2G27500.3,5.721012333333333
AT1G80570,AT1G80570.3,5.715385333333333
AT3G21390,AT3G21390_ID32,5.7128749999999995
AT5G63160,AT5G63160_P2,5.709975666666666
AT3G12490,AT3G12490.1,5.698768333333334
AT2G39380,AT2G39380.1,5.695603000000001
AT1G64720,AT1G64720_c1,5.688778333333333
AT1G55810,AT1G55810_ID11,5.6878269999999995
AT4G36980,AT4G36980_ID5,5.673020999999999
AT4G19510,AT4G19510_P2,5.654844
AT3G15500,AT3G15500_ID2,5.628322333333333
AT5G11650,AT5G11650_ID12,5.627151333333333
AT2G22980,AT2G22980_ID39,5.613422
AT5G19770,AT5G19770_c1,5.603612666666667
AT2G05518,AT2G05518_ID1,5.602567666666666
AT2G39400,AT2G39400_P2,5.592751333333333
AT1G01760,AT1G01760_c7,5.5899019999999995
AT5G15330,AT5G15330_ID2,5.575550666666667
AT3G09600,AT3G09600_P3,5.569356666666667
AT3G27580,AT3G27580_P2,5.558921333333333
AT4G17620,AT4G17620_ID3,5.555947
AT2G20920,AT2G20920_ID2,5.549924333333333
AT1G72360,AT1G72360_ID1,5.544947333333333
AT2G17550,AT2G17550_P2,5.5362160000000005
AT5G36250,AT5G36250_P3,5.523776333333333
AT5G12130,AT5G12130_c3,5.523495333333333
AT3G45260,AT3G45260_P2,5.511814333333334
AT1G30970,AT1G30970_s1,5.501042666666667
AT3G56740,AT3G56740_ID3,5.489100999999999
AT1G16240,AT1G16240_c1,5.488548000000001
AT1G78680,AT1G78680_ID1,5.472978333333334
AT3G62620,AT3G62620_P2,5.457093
AT1G36050,AT1G36050_ID4,5.414775333333334
AT3G57810,AT3G57810_P1,5.412700666666667
AT1G59870,AT1G59870_ID5,5.380630666666666
AT3G49920,AT3G49920_P3,5.371310333333334
AT1G51420,AT1G51420_P2,5.363035333333333
AT5G65460,AT5G65460_P4,5.357081666666667
AT3G47360,AT3G47360_ID2,5.356214333333334
AT3G52340,AT3G52340_P4,5.3332413333333335
AT1G28330,AT1G28330_JS1,5.325402666666666
AT5G04880,AT5G04880_ID2,5.313115333333333
AT5G05930,AT5G05930_P4,5.309300666666666
AT5G02020,AT5G02020.2,5.295561666666667
AT4G25440,AT4G25440_ID39,5.293585333333334
AT3G57770,AT3G57770_ID3,5.285018
AT3G27090,AT3G27090_P3,5.268124666666666
AT4G03430,AT4G03430_JS1,5.255772
AT1G06265,AT1G06265_ID4,5.245905333333334
AT5G16360,AT5G16360_ID1,5.2134116666666666
AT1G23440,AT1G23440_P3,5.210867666666666
AT1G02860,AT1G02860_JS4,5.187409
AT2G42890,AT2G42890.3,5.181881
AT1G51830,AT1G51830_c1,5.1689723333333335
AT1G15370,AT1G15370_c1,5.165909333333333
AT1G19397,AT1G19397_ID1,5.146956666666667
AT1G03380,AT1G03380_JS1,5.14687
AT1G66783,AT1G66783_JC3,5.144404
AT5G37260,AT5G37260_ID4,5.134654666666666
AT5G62000,AT5G62000_ID49,5.129848333333333
AT3G47990,AT3G47990_JS9,5.129211
AT5G44610,AT5G44610_P1,5.110854
AT4G16190,AT4G16190_c1,5.108642
AT3G20550,AT3G20550_s1,5.103744
AT1G25480,AT1G25480_ID5,5.103432333333333
AT5G24630,AT5G24630_ID24,5.095997666666666
AT1G34210,AT1G34210_c1,5.095059666666667
AT1G34315,AT1G34315_c3,5.086275666666666
AT5G14240,AT5G14240_c1,5.07537
AT3G62860,AT3G62860_P2,5.061597333333333
AT1G75410,AT1G75410_P2,5.052594666666667
AT5G50565,AT5G50565_ID1,5.041502666666666
AT1G67310,AT1G67310_ID4,5.034474333333333
AT5G42900,AT5G42900.3,5.030176999999999
AT4G32640,AT4G32640_c5,5.0204960000000005
AT1G26208,AT1G26208_ID4,5.009951999999999
AT5G59960,AT5G59960_ID1,5.000263
AT5G53490,AT5G53490.3,4.995115333333334
AT2G32700,AT2G32700_JS21,4.992358333333333
AT4G36980,AT4G36980_ID26,4.945364333333333
AT5G28840,AT5G28840.2,4.9436876666666665
AT2G39300,AT2G39300_P1,4.933008
AT1G68190,AT1G68190_JS5,4.931752
AT1G33400,AT1G33400_ID47,4.9167803333333335
AT1G20890,AT1G20890_JC19,4.909680333333333
AT3G57520,AT3G57520.3,4.907769666666667
AT5G06800,AT5G06800_P1,4.900052333333334
AT1G75295,AT1G75295_ID56,4.894910333333333
AT1G77350,AT1G77350_c3,4.8928693333333335
AT1G32130,AT1G32130.2,4.892061333333333
AT4G14720,AT4G14720_P2,4.884792333333333
AT4G36870,AT4G36870_P1,4.884792333333333
AT5G36220,AT5G36220_P2,4.884792333333333
AT2G24960,AT2G24960_ID3,4.884792333333333
AT2G36360,AT2G36360.2,4.884792333333333
AT5G65240,AT5G65240_ID9,4.884792333333333
AT1G02080,AT1G02080_P3,4.884792333333333
AT4G12460,AT4G12460_s6,4.874716
AT1G28100,AT1G28100_P3,4.869125333333333
AT2G17240,AT2G17240_c1,4.862894333333333
AT5G61330,AT5G61330_P3,4.840853666666667
AT5G55970,AT5G55970_P1,4.83829
AT5G54430,AT5G54430_ID3,4.784595666666666
AT1G10060,AT1G10060_P4,4.766177
AT3G62910,AT3G62910_JC8,4.755444
AT4G30550,AT4G30550_JS2,4.7550669999999995
AT4G35240,AT4G35240.2,4.740869
AT4G38540,AT4G38540_ID3,4.738581666666667
AT4G04620,AT4G04620_P1,4.727262
AT1G53180,AT1G53180_P2,4.714253666666667
AT3G02070,AT3G02070_ID26,4.712023666666667
AT1G80420,AT1G80420_P1,4.707060666666666
AT1G28520,AT1G28520_P2,4.7030173333333325
AT5G08130,AT5G08130_JS4,4.698212666666667
AT3G13750,AT3G13750_ID20,4.688465666666667
AT5G48640,AT5G48640_P4,4.676964
AT3G07215,AT3G07215_c2,4.664711333333333
AT5G51620,AT5G51620_P4,4.624647666666667
AT3G29130,AT3G29130_P3,4.623222666666667
AT1G50970,AT1G50970_c7,4.618314666666667
AT5G11600,AT5G11600_c1,4.583525
AT3G30122,AT3G30122_JS5,4.57929
AT1G36070,AT1G36070_c2,4.555223333333333
AT3G02370,AT3G02370_ID1,4.540038333333333
AT2G34750,AT2G34750_c2,4.537743333333333
AT4G01120,AT4G01120_ID3,4.516788333333333
AT4G35780,AT4G35780_s1,4.5104299999999995
AT1G70620,AT1G70620.1,4.504392
AT5G50310,AT5G50310_ID1,4.501631
AT1G21360,AT1G21360_P2,4.482447666666666
AT1G20620,AT1G20620_P7,4.479822666666666
AT3G51890,AT3G51890_JS2,4.471997333333333
AT2G43400,AT2G43400_ID36,4.471846666666667
AT5G51690,AT5G51690_s1,4.44933
AT1G11380,AT1G11380_ID2,4.443098666666667
AT4G19670,AT4G19670_P1,4.442913
AT5G23050,AT5G23050_ID91,4.436183333333333
AT4G16680,AT4G16680_P2,4.4295670000000005
AT4G19640,AT4G19640_ID3,4.4248243333333335
AT1G73980,AT1G73980_c3,4.423458
AT2G17036,AT2G17036_P1,4.422860666666666
AT2G25095,AT2G25095_c1,4.420895
AT5G22608,AT5G22608_ID6,4.409064666666667
AT3G57170,AT3G57170_JS5,4.399718
AT5G28050,AT5G28050.2,4.386687333333334
AT5G28640,AT5G28640_P3,4.35251
AT4G02430,AT4G02430_P1,4.352186333333333
AT5G56180,AT5G56180_c1,4.350593666666667
AT1G76720,AT1G76720_P1,4.330368
AT4G02030,AT4G02030_s2,4.330129666666667
AT1G61100,AT1G61100_ID8,4.327241333333333
AT3G48360,AT3G48360_P2,4.322497666666666
AT1G48430,AT1G48430_JS17,4.317564666666667
AT1G35515,AT1G35515_ID2,4.316728
AT1G10840,AT1G10840_ID9,4.308383
AT1G60610,AT1G60610_P1,4.299075333333334
AT3G02550,AT3G02550_ID1,4.2979883333333335
AT4G34860,AT4G34860.1,4.280292333333333
AT1G24190,AT1G24190_ID2,4.279451
AT5G39160,AT5G39160_ID2,4.273283666666667
AT5G48150,AT5G48150_s2,4.266055000000001
AT2G30800,AT2G30800_s1,4.263926666666666
AT4G32570,AT4G32570_c1,4.262094
AT3G02770,AT3G02770_ID2,4.254863333333334
AT5G40490,AT5G40490_P1,4.246888333333334
AT5G63260,AT5G63260_JS2,4.240399333333333
AT3G03690,AT3G03690_P1,4.235816333333333
AT1G06570,AT1G06570.2,4.218415
AT4G24740,AT4G24740_s2,4.212772666666667
AT5G64130,AT5G64130_ID2,4.206472333333333
AT3G54880,AT3G54880_ID1,4.202977333333334
AT5G06690,AT5G06690_s1,4.201456666666666
AT4G24220,AT4G24220.2,4.1975039999999995
AT5G23050,AT5G23050_ID66,4.192235666666667
AT2G14260,AT2G14260_JS1,4.181816
AT4G10845,AT4G10845_s1,4.156722666666667
AT1G53990,AT1G53990_ID2,4.154929
AT4G32660,AT4G32660_ID186,4.127457
AT4G35770,AT4G35770_P6,4.125912666666667
AT4G20300,AT4G20300_s1,4.117651666666666
AT5G17410,AT5G17410.2,4.116417
AT2G39375,AT2G39375_P1,4.090137
AT1G04310,AT1G04310_P1,4.080102666666667
AT5G45510,AT5G45510_s6,4.074824333333333
AT5G06780,AT5G06780_ID11,4.058404
AT1G77080,AT1G77080_ID61,4.058215333333333
AT3G59060,AT3G59060_s1,4.057421
AT5G22450,AT5G22450_JC5,4.053757333333333
AT1G15800,AT1G15800_s1,4.046044333333334
AT1G61360,AT1G61360_ID4,4.027
AT4G16990,AT4G16990_ID14,4.026326
AT3G60140,AT3G60140_JC3,3.998632
AT4G17170,AT4G17170_c1,3.9922323333333334
AT1G56700,AT1G56700_JS1,3.983565666666667
AT2G41430,AT2G41430.5,3.9759610000000003
AT1G11870,AT1G11870_ID4,3.9707019999999997
AT2G16940,AT2G16940_s10,3.9678730000000004
AT4G00180,AT4G00180_ID2,3.9616143333333333
AT5G51780,AT5G51780_P2,3.9609133333333335
AT1G65820,AT1G65820.3,3.942486
AT2G47130,AT2G47130_ID1,3.932132333333333
AT1G80420,AT1G80420_P3,3.9036656666666665
AT2G07050,AT2G07050_P2,3.8856626666666667
AT1G63490,AT1G63490_s1,3.880189
AT2G15890,AT2G15890.2,3.8782936666666665
AT1G24440,AT1G24440_c2,3.8731903333333335
AT4G11830,AT4G11830_JC4,3.870178333333333
AT5G60840,AT5G60840_ID4,3.857731
AT1G25230,AT1G25230_s2,3.8227313333333335
AT1G22640,AT1G22640_P3,3.805795666666667
AT1G80920,AT1G80920_c1,3.8048066666666664
AT3G03870,AT3G03870_P1,3.8008943333333334
AT1G64230,AT1G64230.4,3.7976563333333337
AT3G22460,AT3G22460_ID7,3.7962259999999994
AT1G11480,AT1G11480_JS2,3.790478333333333
AT4G15415,AT4G15415_P5,3.7819903333333333
AT1G54730,AT1G54730_JS5,3.7734283333333334
AT1G10070,AT1G10070.1,3.7676763333333336
AT5G23050,AT5G23050_ID69,3.7659599999999998
AT4G29940,AT4G29940_JS4,3.761775
AT2G05510,AT2G05510.4,3.7540983333333333
AT2G13440,AT2G13440_s2,3.7375743333333333
AT1G74180,AT1G74180_P1,3.7277186666666666
AT2G19280,AT2G19280_P2,3.7202366666666666
AT4G19006,AT4G19006_c1,3.718208
AT1G26208,AT1G26208_s2,3.6940093333333337
AT1G02145,AT1G02145_ID338,3.686193
AT1G53990,AT1G53990_ID1,3.6859136666666665
AT5G45550,AT5G45550_ID4,3.6784166666666667
AT3G11890,AT3G11890_s1,3.6728936666666665
AT3G16785,AT3G16785_ID78,3.663594
AT4G24230,AT4G24230_P5,3.6550526666666667
AT3G48880,AT3G48880_P3,3.6513016666666664
AT4G32440,AT4G32440_ID4,3.6499213333333334
AT3G20870,AT3G20870_c2,3.617234
AT1G30410,AT1G30410_P3,3.5891756666666663
AT3G46385,AT3G46385_ID1,3.5810256666666667
AT3G60180,AT3G60180_ID1,3.5788620000000004
AT4G24590,AT4G24590_P3,3.571396333333333
AT3G12320,AT3G12320_P2,3.5681853333333335
AT3G48580,AT3G48580_ID2,3.5630853333333334
AT3G50560,AT3G50560_c1,3.5625166666666668
AT4G13660,AT4G13660_P2,3.5605506666666664
AT1G17520,AT1G17520_c2,3.5579856666666667
AT2G32320,AT2G32320_ID67,3.55648
AT1G23330,AT1G23330_ID2,3.543374666666667
AT1G27410,AT1G27410_ID2,3.5425000000000004
AT5G10980,AT5G10980_ID1,3.5410236666666663
AT5G04220,AT5G04220_ID4,3.534378333333333
AT4G36050,AT4G36050_ID1,3.528524666666667
AT4G27040,AT4G27040_ID112,3.5190696666666668
AT5G65440,AT5G65440_P2,3.506078
AT2G30880,AT2G30880_ID12,3.5046456666666668
AT5G37850,AT5G37850_c1,3.5041200000000003
AT4G38495,AT4G38495_ID1,3.503943
AT1G60860,AT1G60860_s2,3.5005173333333333
AT1G50920,AT1G50920_ID3,3.499618
AT4G31720,AT4G31720_s1,3.4547100000000004
AT5G54500,AT5G54500_ID3,3.454081
AT3G12710,AT3G12710_ID1,3.4150043333333335
AT4G14750,AT4G14750_P3,3.4101656666666664
AT5G18780,AT5G18780_P1,3.4052276666666668
AT1G19485,AT1G19485_JS10,3.401749666666667
AT1G14570,AT1G14570_s3,3.3857040000000005
AT3G05250,AT3G05250_ID1,3.3800466666666664
AT4G36980,AT4G36980.4,3.3716216666666665
AT1G60140,AT1G60140_P3,3.3631359999999995
AT5G23955,AT5G23955.1,3.3603613333333335
AT5G43930,AT5G43930_JS9,3.3603613333333335
AT4G19350,AT4G19350_ID2,3.3499916666666665
AT4G29480,AT4G29480_JC1,3.3472876666666664
AT1G63855,AT1G63855_ID1,3.342756
AT5G43730,AT5G43730_P3,3.340177333333333
AT2G34720,AT2G34720_JS1,3.335597
AT3G54300,AT3G54300.2,3.33463
AT1G79150,AT1G79150_ID2,3.3304566666666666
AT1G64200,AT1G64200_c2,3.32492
AT5G40890,AT5G40890_P2,3.3195906666666666
AT5G26240,AT5G26240_c4,3.3173966666666668
AT4G14147,AT4G14147_ID4,3.309127666666667
AT5G27720,AT5G27720_ID6,3.3083500000000003
AT5G22860,AT5G22860_JC14,3.3034873333333334
AT1G49600,AT1G49600_P3,3.3024516666666663
AT1G51790,AT1G51790_P2,3.3007743333333335
AT4G10030,AT4G10030_c2,3.298284
AT5G53120,AT5G53120.6,3.295659666666667
AT3G22220,AT3G22220_P4,3.2950396666666664
AT4G21400,AT4G21400.1,3.261344
AT1G29410,AT1G29410_P4,3.2568846666666667
AT1G36070,AT1G36070_s3,3.256528
AT4G27130,AT4G27130_c1,3.2417580000000004
AT2G04845,AT2G04845_P5,3.2388743333333334
AT5G43560,AT5G43560_JS1,3.2164820000000005
AT2G21520,AT2G21520_ID11,3.2105270000000004
AT3G48100,AT3G48100_ID3,3.197896666666667
AT1G80380,AT1G80380_P6,3.1909346666666667
AT2G26810,AT2G26810_P5,3.1820419999999996
AT5G13370,AT5G13370_ID2,3.1796480000000003
AT1G63180,AT1G63180_P2,3.175155
AT3G10390,AT3G10390_P2,3.174132
AT1G34350,AT1G34350.2,3.171917666666667
AT2G39080,AT2G39080_ID36,3.1642993333333336
AT5G07300,AT5G07300_P1,3.1563083333333335
AT2G24650,AT2G24650_ID7,3.146383333333333
AT4G16780,AT4G16780_ID2,3.145526333333333
AT3G23550,AT3G23550_ID2,3.1323443333333336
AT1G77080,AT1G77080_s5,3.106909333333333
AT1G02610,AT1G02610_P2,3.1041446666666666
AT1G70570,AT1G70570_JS1,3.104025333333333
AT2G37025,AT2G37025_P2,3.102551
AT3G48260,AT3G48260_P2,3.102551
AT2G32040,AT2G32040_ID23,3.096114333333333
AT4G14385,AT4G14385_P6,3.093831
AT5G35730,AT5G35730_s1,3.0929566666666672
AT3G62090,AT3G62090_ID2,3.0866973333333334
AT2G25870,AT2G25870_s1,3.0825743333333335
AT1G30835,AT1G30835_ID1,3.0684423333333335
AT1G32170,AT1G32170_s1,3.0664103333333337
AT1G72070,AT1G72070_ID1,3.0656463333333335
AT1G79700,AT1G79700_ID3,3.048125666666667
AT4G11960,AT4G11960_JS2,3.0389656666666665
AT1G79910,AT1G79910_ID2,3.0361476666666665
AT4G24015,AT4G24015_s2,3.0312959999999998
AT5G45310,AT5G45310_ID3,3.0185973333333336
AT1G02860,AT1G02860_ID2,3.0165176666666667
AT3G15450,AT3G15450.3,3.0151373333333336
AT5G16715,AT5G16715_JC19,2.9936593333333334
AT3G12977,AT3G12977_s1,2.985856333333333
AT2G29060,AT2G29060_P2,2.9748726666666667
AT3G05932,AT3G05932_ID1,2.970697
AT1G45249,AT1G45249_P4,2.9683233333333336
AT5G12170,AT5G12170_s2,2.9642630000000003
AT4G33080,AT4G33080_ID26,2.962431666666667
AT2G14170,AT2G14170.2,2.9558703333333334
AT1G30550,AT1G30550_P1,2.9545483333333333
AT5G63905,AT5G63905_ID1,2.9450966666666667
AT4G20930,AT4G20930_s1,2.9429226666666666
AT4G26690,AT4G26690_ID6,2.9386803333333336
AT4G33945,AT4G33945_ID4,2.9324403333333335
AT5G26340,AT5G26340_s1,2.928024
AT1G33790,AT1G33790_P2,2.9023616666666663
AT5G10946,AT5G10946_P2,2.9023616666666663
AT5G14180,AT5G14180_P1,2.9023616666666663
AT2G32160,AT2G32160_JS16,2.9023616666666663
AT2G11880,AT2G11880_c1,2.900395666666667
AT5G58660,AT5G58660_P1,2.900395666666667
AT4G31877,AT4G31877_c3,2.900395666666667
AT5G48530,AT5G48530_ID4,2.894038
AT5G41080,AT5G41080.2,2.8857506666666666
AT1G72560,AT1G72560_P6,2.8783853333333336
AT2G01600,AT2G01600_ID1,2.8783836666666667
AT1G65845,AT1G65845_ID2,2.8738316666666663
AT1G06790,AT1G06790_c1,2.8696086666666667
AT1G28110,AT1G28110_ID2,2.8685576666666663
AT5G67530,AT5G67530_ID4,2.8608316666666664
AT1G17470,AT1G17470_JS5,2.860047
AT2G21620,AT2G21620_ID3,2.8542613333333335
AT4G09810,AT4G09810_P2,2.8533079999999997
AT5G48900,AT5G48900_ID2,2.8531566666666666
AT1G79245,AT1G79245_c8,2.8339689999999997
AT1G70210,AT1G70210_c1,2.833373333333333
AT3G18850,AT3G18850_P2,2.8329079999999998
AT2G38465,AT2G38465_ID2,2.8300943333333333
AT1G73060,AT1G73060_ID8,2.8286173333333338
AT1G07150,AT1G07150_P1,2.8240096666666665
AT1G02145,AT1G02145_ID328,2.822236
AT5G44290,AT5G44290_P7,2.809066
AT5G64500,AT5G64500_s1,2.8067046666666666
AT4G15540,AT4G15540_JC18,2.773108333333333
AT1G04080,AT1G04080_JC6,2.7643050000000002
AT4G14880,AT4G14880_P5,2.7597343333333337
AT3G10250,AT3G10250_ID12,2.7490086666666667
AT1G28100,AT1G28100_ID31,2.7462506666666666
AT5G36170,AT5G36170_s2,2.7340250000000004
AT1G12790,AT1G12790_s1,2.7234616666666667
AT3G45900,AT3G45900_ID3,2.7171673333333337
AT5G06960,AT5G06960_JS5,2.716109
AT5G18190,AT5G18190_P2,2.7028863333333333
AT5G66240,AT5G66240_ID6,2.7027343333333333
AT4G30180,AT4G30180_P1,2.7002063333333335
AT4G16620,AT4G16620_P1,2.700175
AT4G36050,AT4G36050_P4,2.6992583333333333
AT1G56200,AT1G56200.2,2.6926539999999997
AT4G01430,AT4G01430_P3,2.692253666666667
AT4G01250,AT4G01250_ID2,2.6876506666666664
AT3G59040,AT3G59040_JS2,2.6846723333333333
AT1G01160,AT1G01160.2,2.6717956666666667
AT3G26230,AT3G26230_ID2,2.670413
AT4G17420,AT4G17420_ID1,2.6604026666666667
AT2G42520,AT2G42520_P3,2.654383333333333
AT5G41760,AT5G41760_ID28,2.6417126666666664
AT4G23420,AT4G23420_ID3,2.640619666666667
AT3G06210,AT3G06210_P2,2.640619666666667
AT5G01610,AT5G01610_ID2,2.640619666666667
AT2G04090,AT2G04090_P1,2.640619666666667
AT5G57940,AT5G57940.3,2.6402313333333334
AT2G43810,AT2G43810_P1,2.6385213333333333
AT3G61740,AT3G61740.1,2.622822333333333
AT3G01310,AT3G01310_P1,2.6226663333333335
AT3G17650,AT3G17650_ID4,2.61671
AT3G49645,AT3G49645_ID18,2.6031193333333333
AT5G43910,AT5G43910_ID7,2.5948290000000003
AT1G09570,AT1G09570_P6,2.5906263333333333
AT2G32340,AT2G32340_ID2,2.5880566666666667
AT5G02810,AT5G02810_ID33,2.5877193333333333
AT3G46040,AT3G46040_c2,2.572613
AT4G15940,AT4G15940_s1,2.5634016666666666
AT1G04010,AT1G04010_ID3,2.559451333333333
AT1G10130,AT1G10130_JS4,2.5480180000000003
AT4G39420,AT4G39420_P4,2.545801
AT1G48310,AT1G48310_P2,2.542744
AT5G51700,AT5G51700_P2,2.541406333333333
AT2G42780,AT2G42780_ID21,2.5394353333333335
AT4G33770,AT4G33770_P3,2.538804666666667
AT3G55170,AT3G55170_P5,2.5372726666666665
AT5G24090,AT5G24090_c1,2.5366246666666665
AT2G33340,AT2G33340.3,2.530923666666667
AT4G36980,AT4G36980_c2,2.529932
AT1G77080,AT1G77080_ID23,2.526070666666667
AT1G59820,AT1G59820_JS1,2.5232449999999997
AT4G30160,AT4G30160_ID11,2.5111676666666667
AT5G64220,AT5G64220_ID4,2.500763
AT2G21850,AT2G21850_ID2,2.500017
AT3G48530,AT3G48530_ID1,2.4933356666666664
AT2G13540,AT2G13540_ID2,2.488613
AT2G23980,AT2G23980_ID3,2.48495
AT5G03380,AT5G03380.2,2.477282666666667
AT1G09420,AT1G09420.2,2.4739269999999998
AT3G59660,AT3G59660_ID20,2.4718716666666665
AT1G05785,AT1G05785_P7,2.4714723333333333
AT1G53160,AT1G53160_ID5,2.470277333333333
AT5G26240,AT5G26240_s2,2.458168666666667
AT4G00560,AT4G00560_c1,2.454266666666667
AT2G11520,AT2G11520_JC1,2.4520053333333336
AT5G59150,AT5G59150_P2,2.442396
AT5G16910,AT5G16910_s2,2.442396
AT3G05640,AT3G05640_P1,2.442396
AT5G59930,AT5G59930_P1,2.442396
AT5G47590,AT5G47590_P2,2.442396
AT5G53220,AT5G53220_P3,2.442396
AT4G35600,AT4G35600.2,2.442396
AT5G05435,AT5G05435_ID3,2.440430333333333
AT3G58620,AT3G58620_P2,2.440430333333333
AT2G22980,AT2G22980_P1,2.4362996666666668
AT3G50500,AT3G50500_ID1,2.4167003333333335
AT5G04850,AT5G04850_s1,2.415019666666667
AT4G13730,AT4G13730.2,2.4147523333333334
AT5G17620,AT5G17620_c1,2.40741
AT1G09195,AT1G09195_P9,2.4030046666666665
AT1G54110,AT1G54110_ID10,2.3962393333333334
AT5G35410,AT5G35410_P1,2.3943896666666666
AT4G03560,AT4G03560_ID2,2.3848866666666666
AT1G32490,AT1G32490_s1,2.3740550000000002
AT4G08470,AT4G08470_ID11,2.3643496666666666
AT2G14530,AT2G14530_s2,2.3590546666666667
AT2G31180,AT2G31180_P1,2.356752
AT2G38400,AT2G38400_c1,2.3526636666666665
AT1G56230,AT1G56230_P3,2.3472846666666665
AT1G12220,AT1G12220_P1,2.340324
AT3G45290,AT3G45290_ID11,2.3371543333333333
AT4G35780,AT4G35780_c3,2.316339333333333
AT3G59770,AT3G59770_s1,2.310146
AT1G27420,AT1G27420_ID2,2.307049
AT1G32490,AT1G32490.2,2.304521333333333
AT3G26220,AT3G26220_ID1,2.299827666666667
AT5G17400,AT5G17400_ID4,2.296208
AT4G18120,AT4G18120_c3,2.291758666666667
AT3G10640,AT3G10640.2,2.284055
AT5G42900,AT5G42900.1,2.2809903333333335
AT2G40830,AT2G40830_P2,2.275443
AT2G41150,AT2G41150_ID4,2.2704123333333333
AT1G03290,AT1G03290_P3,2.2659913333333335
AT5G07400,AT5G07400_P3,2.265591
AT5G14260,AT5G14260_c4,2.2648273333333333
AT5G61380,AT5G61380_s1,2.2601720000000003
AT3G54500,AT3G54500_ID96,2.2596073333333333
AT5G49930,AT5G49930_s1,2.2578033333333334
AT4G32560,AT4G32560_ID3,2.2571776666666667
AT5G60430,AT5G60430_P1,2.2567286666666666
AT1G58180,AT1G58180_P7,2.256724333333333
AT4G02260,AT4G02260_JS5,2.252901
AT1G72070,AT1G72070_ID2,2.251914333333333
AT5G11090,AT5G11090_JC5,2.2508839999999997
AT5G10520,AT5G10520.1,2.2465916666666668
AT4G16770,AT4G16770_s1,2.242526333333333
AT5G03120,AT5G03120_P2,2.2402406666666668
AT3G44290,AT3G44290_c1,2.2402406666666668
AT1G09420,AT1G09420.1,2.231697666666667
AT1G02120,AT1G02120_ID47,2.226713333333333
AT1G79740,AT1G79740_P4,2.221294
AT5G38200,AT5G38200_P1,2.216024
AT3G57790,AT3G57790_c1,2.2101003333333336
AT4G14130,AT4G14130_ID1,2.20587
AT5G41240,AT5G41240_ID8,2.200484
AT3G07280,AT3G07280_ID1,2.1968176666666666
AT5G65685,AT5G65685_c1,2.1959873333333335
AT1G77800,AT1G77800_P4,2.193281333333333
AT1G50410,AT1G50410_JS1,2.193179
AT5G45350,AT5G45350_P6,2.192285
AT5G26110,AT5G26110_P3,2.1806626666666666
AT3G54500,AT3G54500_ID88,2.1756083333333334
AT3G58140,AT3G58140_ID21,2.168096
AT1G53450,AT1G53450_ID2,2.1677173333333335
AT2G36810,AT2G36810.1,2.160981
AT3G60510,AT3G60510_JS2,2.160337333333333
AT3G45770,AT3G45770_ID7,2.1536686666666665
AT5G41260,AT5G41260_JC17,2.153647
AT1G02410,AT1G02410_JS1,2.152271333333333
AT4G36380,AT4G36380_JS2,2.1419
AT1G65220,AT1G65220_ID7,2.1352366666666667
AT1G47550,AT1G47550_JS1,2.13299
AT1G05570,AT1G05570_JS9,2.1262483333333333
AT1G30680,AT1G30680_JC3,2.120591
AT1G03080,AT1G03080_ID1,2.1191536666666666
AT3G25660,AT3G25660_ID2,2.1188166666666666
AT3G60130,AT3G60130_c1,2.1157179999999998
AT5G57290,AT5G57290_ID2,2.1058063333333332
AT4G19880,AT4G19880.2,2.101179
AT2G37130,AT2G37130_P2,2.0947983333333333
AT2G21240,AT2G21240_ID4,2.0941853333333333
AT4G25600,AT4G25600_ID3,2.0855266666666665
AT2G47110,AT2G47110.2,2.0795619999999997
AT3G61070,AT3G61070_ID16,2.0728813333333336
AT1G79070,AT1G79070_ID2,2.06766
AT3G20380,AT3G20380.1,2.0658496666666664
AT5G02020,AT5G02020_s1,2.0540916666666664
AT2G17033,AT2G17033_ID8,2.049295666666667
AT4G16780,AT4G16780_s1,2.0400516666666664
AT5G06570,AT5G06570_P4,2.0400516666666664
AT1G58400,AT1G58400_P1,2.0400516666666664
AT4G04990,AT4G04990_P1,2.0400516666666664
AT5G03770,AT5G03770_P1,2.0310643333333336
AT4G39660,AT4G39660_s1,2.025846
AT4G18140,AT4G18140_s1,2.0165509999999998
AT2G26210,AT2G26210.3,2.0158473333333333
AT3G56250,AT3G56250_ID2,2.0104896666666665
AT1G02840,AT1G02840_s3,2.010291666666667
AT2G01220,AT2G01220_ID10,1.996403
AT4G20260,AT4G20260_P8,1.98909
AT5G64360,AT5G64360_P6,1.9805056666666667
AT2G24530,AT2G24530_JS2,1.9804646666666665
AT1G08310,AT1G08310_ID1,1.9804646666666665
AT1G56120,AT1G56120_P2,1.9804646666666665
AT4G38540,AT4G38540_ID7,1.9782106666666666
AT5G63950,AT5G63950_P1,1.968623
AT1G10050,AT1G10050_JS9,1.964702
AT3G52290,AT3G52290_ID1,1.9597156666666666
AT3G19960,AT3G19960_P3,1.955303
AT4G34910,AT4G34910_ID1,1.9441486666666667
AT2G19250,AT2G19250_c3,1.9424946666666667
AT2G47820,AT2G47820_P2,1.9383763333333333
AT4G03115,AT4G03115_ID9,1.9383763333333333
AT3G17450,AT3G17450_s1,1.9382186666666668
AT3G45290,AT3G45290_ID7,1.928145
AT1G79730,AT1G79730_ID2,1.9266673333333333
AT5G52040,AT5G52040_ID10,1.9241193333333333
AT3G54360,AT3G54360_JC11,1.919881
AT1G63800,AT1G63800_P2,1.9193069999999999
AT2G14530,AT2G14530_JS11,1.9169206666666667
AT4G28040,AT4G28040_ID3,1.9110836666666666
AT2G02765,AT2G02765_P3,1.9102666666666668
AT3G13970,AT3G13970_P2,1.9101633333333332
AT5G14170,AT5G14170_s2,1.9093553333333333
AT3G05380,AT3G05380.5,1.908633
AT3G20810,AT3G20810_JC20,1.9077496666666667
AT5G15410,AT5G15410.2,1.9054383333333333
AT5G46840,AT5G46840.2,1.8903836666666667
AT1G23020,AT1G23020_P4,1.8901446666666668
AT5G57900,AT5G57900_ID2,1.8900553333333334
AT1G14530,AT1G14530_c1,1.888918
AT2G48020,AT2G48020_ID32,1.8791533333333332
AT3G61990,AT3G61990_ID4,1.873226
AT1G03960,AT1G03960_c1,1.8717703333333333
AT5G23050,AT5G23050_ID71,1.8711366666666667
AT1G17780,AT1G17780.1,1.8665969999999998
AT1G27695,AT1G27695_ID1,1.86377
AT3G28345,AT3G28345_c1,1.8624956666666668
AT1G79820,AT1G79820_ID6,1.8544023333333335
AT2G43420,AT2G43420_ID1,1.8532650000000002
AT3G51850,AT3G51850_P3,1.8504943333333335
AT3G26440,AT3G26440_c1,1.847118
AT1G80380,AT1G80380_P8,1.8418396666666668
AT4G11890,AT4G11890_P4,1.839862
AT5G38590,AT5G38590_P3,1.8322813333333334
AT4G30060,AT4G30060_JS1,1.8260413333333334
AT5G42320,AT5G42320_ID4,1.8234666666666666
AT5G46470,AT5G46470_ID41,1.8219436666666666
AT3G16750,AT3G16750_P2,1.817323
AT1G11080,AT1G11080_ID10,1.8170720000000002
AT4G36790,AT4G36790_JS10,1.8128676666666665
AT1G55310,AT1G55310_CR5,1.805975
AT5G38200,AT5G38200_P2,1.8044923333333334
AT1G12880,AT1G12880_JC7,1.7994256666666668
AT4G08290,AT4G08290.2,1.7991406666666665
AT3G07780,AT3G07780_P2,1.7984626666666665
AT4G20300,AT4G20300_c2,1.7978186666666665
AT1G78000,AT1G78000_P4,1.791421
AT3G16785,AT3G16785_ID48,1.7855776666666667
AT4G39180,AT4G39180_ID3,1.784442
AT1G70620,AT1G70620.3,1.782288
AT3G57390,AT3G57390_P3,1.7813956666666666
AT5G64685,AT5G64685_c1,1.7802753333333332
AT4G31877,AT4G31877.1,1.7802753333333332
AT5G37478,AT5G37478_P1,1.7802753333333332
AT5G18650,AT5G18650_ID2,1.779854
AT5G44090,AT5G44090_JS1,1.7468883333333334
AT1G35580,AT1G35580_s1,1.744978
AT4G24900,AT4G24900_ID1,1.741938
AT5G01950,AT5G01950_ID4,1.741561
AT2G05510,AT2G05510.2,1.7414393333333333
AT1G70290,AT1G70290_s1,1.7396216666666666
AT1G78870,AT1G78870_c1,1.7382713333333335
AT3G60140,AT3G60140_P2,1.7324706666666667
AT2G42750,AT2G42750_ID2,1.7137406666666666
AT5G13870,AT5G13870_P2,1.713372
AT3G46000,AT3G46000_c3,1.7111756666666667
AT1G28060,AT1G28060_ID6,1.7003343333333334
AT5G21950,AT5G21950_P5,1.6986076666666667
AT1G77890,AT1G77890.3,1.6971736666666668
AT1G29465,AT1G29465_P1,1.694999
AT1G08680,AT1G08680_ID23,1.6901313333333334
AT2G29090,AT2G29090_P3,1.6898803333333332
AT2G17340,AT2G17340_c2,1.680817
AT4G13830,AT4G13830_P1,1.6802313333333334
AT5G63480,AT5G63480_ID2,1.6801123333333334
AT1G09530,AT1G09530_P4,1.6727353333333335
AT5G27730,AT5G27730_JS4,1.6626536666666667
AT2G36680,AT2G36680_s1,1.6608066666666665
AT1G80245,AT1G80245_P6,1.654189
AT2G17320,AT2G17320_c3,1.6539513333333336
AT5G04810,AT5G04810_JS1,1.6516453333333334
AT5G18630,AT5G18630_ID97,1.6453213333333334
AT5G23235,AT5G23235_ID1,1.644315
AT3G09220,AT3G09220_s3,1.6427956666666665
AT1G21920,AT1G21920_c1,1.633796
AT3G04500,AT3G04500_ID11,1.6311316666666666
AT5G20580,AT5G20580_s1,1.630588666666667
AT2G36060,AT2G36060.3,1.6226596666666666
AT2G22980,AT2G22980_P2,1.6179596666666667
AT1G73300,AT1G73300_P1,1.6141439999999998
AT2G17270,AT2G17270_ID4,1.6010513333333334
AT5G16810,AT5G16810_ID1,1.5964166666666664
AT1G76520,AT1G76520_ID25,1.595667
AT5G59570,AT5G59570_ID2,1.5943813333333334
AT5G19740,AT5G19740_ID7,1.5854253333333332
AT5G53330,AT5G53330_ID2,1.5820433333333332
AT3G50210,AT3G50210_ID15,1.5813813333333335
AT1G03620,AT1G03620_P6,1.5807010000000001
AT5G10300,AT5G10300_P2,1.5804943333333334
AT1G13448,AT1G13448_ID2,1.580088
AT2G43930,AT2G43930_ID9,1.5800859999999999
AT1G68862,AT1G68862_ID1,1.5800859999999999
AT5G53360,AT5G53360_P2,1.5800859999999999
AT3G28770,AT3G28770_P3,1.5800859999999999
AT5G04550,AT5G04550_c1,1.5746463333333331
AT5G07100,AT5G07100_P5,1.5739486666666667
AT1G29357,AT1G29357_ID1,1.5691376666666665
AT3G01490,AT3G01490_c1,1.5609910000000002
AT3G48360,AT3G48360_c1,1.5367933333333335
AT3G58600,AT3G58600_ID2,1.5335746666666665
AT1G08630,AT1G08630.4,1.527128
AT2G21240,AT2G21240.2,1.5226943333333331
AT1G50970,AT1G50970_c2,1.5226016666666666
AT1G77080,AT1G77080_P9,1.521117
AT4G15540,AT4G15540_ID25,1.5177873333333334
AT1G80245,AT1G80245_JC23,1.517726
AT5G16440,AT5G16440_JS2,1.5136983333333334
AT5G26240,AT5G26240_c2,1.5087723333333332
AT1G09140,AT1G09140_ID154,1.5078303333333334
AT3G46490,AT3G46490_ID35,1.5020660000000001
AT3G29100,AT3G29100_ID4,1.4985896666666667
AT1G05360,AT1G05360_s2,1.4977103333333333
AT5G04040,AT5G04040_s1,1.492949
AT1G08010,AT1G08010_ID1,1.492138
AT3G10030,AT3G10030_ID3,1.4875429999999998
AT5G19390,AT5G19390.3,1.4854826666666667
AT2G47820,AT2G47820_JS2,1.4815716666666665
AT3G09800,AT3G09800_ID3,1.4739596666666666
AT2G26470,AT2G26470_ID13,1.4739360000000001
AT4G37070,AT4G37070_ID1,1.4731373333333335
AT5G65430,AT5G65430.3,1.4707883333333334
AT3G12350,AT3G12350_P2,1.4669146666666668
AT2G05510,AT2G05510.5,1.4641339999999998
AT2G44150,AT2G44150_JS1,1.4634566666666666
AT2G42300,AT2G42300_s2,1.4592313333333333
AT1G02145,AT1G02145_ID354,1.4581883333333332
AT5G36880,AT5G36880_P3,1.4568426666666667
AT1G30970,AT1G30970_ID3,1.4548896666666666
AT4G37440,AT4G37440_P3,1.4503366666666666
AT5G58370,AT5G58370_ID3,1.4500263333333334
AT2G38185,AT2G38185.3,1.4463756666666665
AT5G19350,AT5G19350_P2,1.445771
AT3G51880,AT3G51880_ID2,1.4316116666666667
AT1G01770,AT1G01770_P1,1.4245893333333333
AT1G08630,AT1G08630.2,1.4245186666666667
AT3G02950,AT3G02950_P2,1.4211583333333333
AT3G01490,AT3G01490_c2,1.4190673333333335
AT5G46410,AT5G46410_ID8,1.4062043333333334
AT1G71696,AT1G71696_JS4,1.4033873333333335
AT2G36120,AT2G36120_JS1,1.4024246666666667
AT1G43890,AT1G43890_ID10,1.4008019999999999
AT3G26700,AT3G26700_P2,1.3922656666666668
AT5G23870,AT5G23870_ID11,1.3854713333333333
AT4G14240,AT4G14240_JC5,1.381892
AT1G02340,AT1G02340_P2,1.3816103333333334
AT4G25090,AT4G25090.1,1.3798966666666665
AT1G69587,AT1G69587.2,1.3798966666666665
AT1G49570,AT1G49570_ID2,1.3798966666666665
AT1G02620,AT1G02620_c1,1.3798966666666665
AT1G28260,AT1G28260.1,1.3798966666666665
AT4G16845,AT4G16845.2,1.3796483333333331
AT1G55880,AT1G55880_JC3,1.3766990000000001
AT5G66310,AT5G66310_ID19,1.3721646666666667
AT5G61430,AT5G61430_P1,1.3691463333333334
AT4G38240,AT4G38240_ID194,1.3663319999999999
AT2G02765,AT2G02765_P2,1.3657066666666668
AT3G11580,AT3G11580_P2,1.3631583333333335
AT3G02890,AT3G02890_c1,1.3605123333333333
AT4G39660,AT4G39660_P2,1.3558693333333334
AT5G10450,AT5G10450.3,1.3504536666666667
AT1G75770,AT1G75770_ID2,1.3502020000000001
AT1G50590,AT1G50590_P2,1.3501033333333332
AT3G05160,AT3G05160.2,1.3467563333333334
AT3G16260,AT3G16260_ID2,1.345631
AT1G24030,AT1G24030_ID2,1.345446
AT5G13980,AT5G13980.3,1.3392573333333333
AT1G21410,AT1G21410_JS2,1.3376556666666666
AT1G05900,AT1G05900_JS5,1.3370086666666667
AT3G12550,AT3G12550_JS13,1.3313423333333334
AT3G63420,AT3G63420_ID1,1.3243463333333334
AT2G04690,AT2G04690_ID8,1.3236473333333334
AT1G35910,AT1G35910_ID3,1.3203096666666667
AT1G23010,AT1G23010_ID6,1.3203096666666667
AT5G55170,AT5G55170_P2,1.3203096666666667
AT3G05920,AT3G05920_P2,1.3203096666666667
AT5G19160,AT5G19160_ID2,1.3203096666666667
AT4G37220,AT4G37220_ID1,1.3203096666666667
AT1G74150,AT1G74150_P1,1.3203096666666667
AT1G43590,AT1G43590_s4,1.3203096666666667
AT1G47570,AT1G47570_ID7,1.3172393333333334
AT4G36410,AT4G36410_ID2,1.2967190000000002
AT4G14520,AT4G14520_P7,1.296093
AT3G51270,AT3G51270_s2,1.2900026666666666
AT5G13690,AT5G13690_c1,1.2873793333333332
AT2G41160,AT2G41160_ID4,1.2861413333333334
AT1G06190,AT1G06190_P3,1.2825793333333333
AT5G10490,AT5G10490_ID2,1.279538
AT5G55810,AT5G55810_P3,1.277182
AT5G55896,AT5G55896_ID6,1.2763866666666666
AT3G13300,AT3G13300_JS4,1.272588
AT1G80050,AT1G80050_c1,1.272493
AT1G54730,AT1G54730_JS2,1.263372
AT5G42220,AT5G42220_JS2,1.260651
AT4G26720,AT4G26720_ID1,1.2597476666666667
AT5G04430,AT5G04430_JS2,1.2507936666666666
AT5G63370,AT5G63370_c2,1.2499589999999998
AT2G25730,AT2G25730_JS4,1.249175
AT5G42730,AT5G42730_ID4,1.2366623333333333
AT4G31080,AT4G31080.2,1.2331860000000001
AT2G16940,AT2G16940.2,1.228804
AT4G23330,AT4G23330_ID3,1.2268803333333334
AT4G24050,AT4G24050_ID3,1.2211986666666668
AT4G10790,AT4G10790_c2,1.218013
AT5G12240,AT5G12240.1,1.2141216666666665
AT2G44490,AT2G44490_c2,1.213677
AT3G23470,AT3G23470_s2,1.2113289999999999
AT5G44610,AT5G44610_P2,1.20949
AT1G79630,AT1G79630_P1,1.2071020000000001
AT4G36980,AT4G36980_JC5,1.2059043333333335
AT1G26260,AT1G26260_P6,1.2051343333333333
AT5G07770,AT5G07770_P4,1.2036153333333333
AT1G03960,AT1G03960_JC14,1.1991643333333333
AT2G23985,AT2G23985_P15,1.1964746666666668
AT1G51350,AT1G51350_JS1,1.1933109999999998
AT3G01310,AT3G01310_JS2,1.1916286666666667
AT1G50140,AT1G50140_c1,1.1870123333333333
AT3G46220,AT3G46220_JS3,1.1840936666666666
AT1G27180,AT1G27180_P2,1.1834343333333333
AT4G17560,AT4G17560_JC6,1.182497
AT1G48760,AT1G48760.3,1.1816633333333333
AT1G02120,AT1G02120_ID8,1.1799966666666666
AT4G15563,AT4G15563_P4,1.1791113333333332
AT4G18550,AT4G18550_P3,1.1789146666666668
AT1G23090,AT1G23090_ID8,1.1788939999999999
AT2G16940,AT2G16940_s8,1.173719
AT3G06810,AT3G06810_ID5,1.1719003333333333
AT3G51860,AT3G51860_JS5,1.169654
AT5G05080,AT5G05080_JC3,1.1663066666666666
AT4G20260,AT4G20260.5,1.165824
AT5G47180,AT5G47180_P1,1.157846
AT3G20410,AT3G20410_JS2,1.15758
AT5G66030,AT5G66030_P4,1.155996
AT4G26600,AT4G26600_ID17,1.1557410000000001
AT5G05690,AT5G05690.3,1.150614
AT2G24530,AT2G24530_JS1,1.1499136666666667
AT3G51075,AT3G51075_ID9,1.149909
AT1G72710,AT1G72710_ID7,1.1458113333333333
AT3G54500,AT3G54500_ID82,1.133989
AT2G01600,AT2G01600_ID4,1.1280093333333332
AT3G28960,AT3G28960_P5,1.1201206666666665
AT2G17770,AT2G17770_P3,1.1201206666666665
AT4G28703,AT4G28703_ID2,1.1201206666666665
AT3G48570,AT3G48570_ID2,1.1201206666666665
AT4G31877,AT4G31877_c2,1.1201206666666665
AT3G05660,AT3G05660_ID2,1.1201206666666665
AT4G39830,AT4G39830_P2,1.1201206666666665
AT5G53450,AT5G53450_s1,1.1182916666666667
AT1G66680,AT1G66680_c1,1.1157473333333334
AT3G51650,AT3G51650_P3,1.1088876666666667
AT3G12920,AT3G12920_ID2,1.1070483333333334
AT1G21400,AT1G21400_ID1,1.1020373333333333
AT4G29730,AT4G29730_JC2,1.1011533333333332
AT2G47190,AT2G47190_ID2,1.1008923333333334
AT4G18950,AT4G18950_ID8,1.0966156666666667
AT5G61760,AT5G61760_P2,1.0949926666666667
AT2G47170,AT2G47170_P2,1.0940833333333333
AT1G49350,AT1G49350_ID5,1.09365
AT3G12380,AT3G12380.2,1.0896063333333335
AT1G55680,AT1G55680_ID3,1.088431
AT1G22740,AT1G22740_ID1,1.0795109999999999
AT1G65430,AT1G65430_c1,1.0776823333333334
AT1G49040,AT1G49040_JS7,1.057428
AT4G02260,AT4G02260_ID91,1.0570713333333333
AT1G68910,AT1G68910.1,1.0495463333333335
AT1G65032,AT1G65032_ID1,1.03891
AT4G00060,AT4G00060_c2,1.0387463333333333
AT2G22870,AT2G22870_ID1,1.038695
AT3G14020,AT3G14020_s2,1.0364423333333332
AT3G57770,AT3G57770_P1,1.035326
AT4G35760,AT4G35760_c1,1.035038
AT2G14530,AT2G14530_s1,1.0311836666666667
AT5G46910,AT5G46910_ID1,1.0308436666666667
AT4G39180,AT4G39180_ID8,1.030808
AT3G05250,AT3G05250_ID3,1.0303403333333334
AT2G32040,AT2G32040_ID34,1.0238736666666666
AT5G11870,AT5G11870_P1,1.0228233333333334
AT3G58760,AT3G58760_c3,1.0216913333333333
AT5G37850,AT5G37850_ID39,1.021451
AT5G04590,AT5G04590_ID3,1.020305
AT4G16900,AT4G16900_ID2,1.0161176666666667
AT2G30580,AT2G30580_c3,1.0149356666666667
AT4G27040,AT4G27040.3,1.0131486666666667
AT1G75760,AT1G75760_JS1,1.0082863333333334
AT1G09340,AT1G09340_JS1,1.0067113333333333
AT4G28880,AT4G28880_s3,1.0051766666666666
AT1G10720,AT1G10720_JS1,1.0027146666666666
AT1G34630,AT1G34630_ID1,0.9982086666666666
AT1G61065,AT1G61065_s1,0.9936263333333333
AT1G10820,AT1G10820_s2,0.9923696666666667
AT1G74650,AT1G74650_P3,0.9902323333333333
AT3G54880,AT3G54880_ID4,0.9894326666666666
AT1G05785,AT1G05785_P6,0.9893796666666667
AT1G55620,AT1G55620_P1,0.9879836666666666
AT1G69220,AT1G69220_ID12,0.985982
AT5G62165,AT5G62165_P6,0.9848516666666667
AT5G14780,AT5G14780_P3,0.9822873333333333
AT2G19430,AT2G19430_JS1,0.9759396666666666
AT4G15540,AT4G15540_JS8,0.9756723333333334
AT5G02800,AT5G02800_c1,0.9728643333333333
AT4G36400,AT4G36400_ID146,0.9719503333333334
AT2G22980,AT2G22980_ID27,0.9714026666666666
AT3G03560,AT3G03560_c5,0.9675433333333333
AT3G51510,AT3G51510_JC1,0.9666583333333333
AT5G62165,AT5G62165_P10,0.9666250000000001
AT5G47040,AT5G47040_JC12,0.9638636666666667
AT2G42160,AT2G42160_c2,0.958973
AT5G43930,AT5G43930_P3,0.9563026666666666
AT1G27590,AT1G27590_s3,0.9498343333333333
AT1G48310,AT1G48310_P4,0.9443196666666666
AT5G45110,AT5G45110_P2,0.9405863333333334
AT4G00550,AT4G00550_ID1,0.935712
AT4G15570,AT4G15570_P2,0.9338893333333332
AT4G14710,AT4G14710.4,0.9309556666666667
AT5G40451,AT5G40451_ID1,0.929769
AT1G55810,AT1G55810_ID3,0.9281586666666667
AT1G14185,AT1G14185_ID1,0.919931
AT1G69230,AT1G69230.2,0.919931
AT5G19950,AT5G19950.3,0.919931
AT5G02200,AT5G02200_P1,0.919931
AT1G01110,AT1G01110_P2,0.919931
AT1G03620,AT1G03620_P12,0.919931
AT2G31990,AT2G31990_c1,0.919931
AT5G10310,AT5G10310_ID1,0.919931
AT5G65170,AT5G65170_P1,0.919931
AT4G26260,AT4G26260_P1,0.919931
AT5G59990,AT5G59990_ID2,0.919931
AT1G08940,AT1G08940_ID2,0.919931
AT2G37290,AT2G37290_P3,0.919931
AT5G05435,AT5G05435_ID4,0.919931
AT5G66170,AT5G66170.1,0.9103193333333334
AT1G78280,AT1G78280_ID7,0.9083076666666666
AT1G54100,AT1G54100_JC2,0.9079626666666667
AT2G29060,AT2G29060_P1,0.9050410000000001
AT3G61440,AT3G61440_ID5,0.9045953333333333
AT3G09600,AT3G09600_P6,0.9013186666666666
AT2G23320,AT2G23320.2,0.9006116666666667
AT4G35740,AT4G35740_P1,0.8988113333333333
AT1G05320,AT1G05320_P9,0.8917813333333333
AT5G14930,AT5G14930_ID2,0.8885276666666666
AT1G74320,AT1G74320_s1,0.8874423333333333
AT2G31730,AT2G31730_JC4,0.879302
AT2G35610,AT2G35610_c3,0.8728686666666667
AT3G48360,AT3G48360_s2,0.8700233333333333
AT5G51230,AT5G51230_s2,0.8697743333333333
AT1G47550,AT1G47550_s1,0.8672316666666666
AT4G28150,AT4G28150_ID2,0.8653423333333333
AT4G24740,AT4G24740_ID20,0.8635026666666666
AT2G42810,AT2G42810_P5,0.8600303333333333
AT5G47240,AT5G47240_P2,0.8595486666666666
AT3G27610,AT3G27610_P2,0.8558373333333332
AT1G78920,AT1G78920_P3,0.8552923333333333
AT4G09150,AT4G09150_s1,0.8550996666666667
AT3G08840,AT3G08840_P1,0.8509786666666667
AT5G66160,AT5G66160_ID8,0.850842
AT4G36050,AT4G36050_P3,0.849421
AT4G02030,AT4G02030_JS4,0.8375446666666666
AT1G64610,AT1G64610_P2,0.8361273333333333
AT5G56020,AT5G56020_P2,0.8304999999999999
AT5G45020,AT5G45020_s1,0.8271130000000001
AT3G30720,AT3G30720_P1,0.8245413333333333
AT5G03990,AT5G03990_ID1,0.8214486666666666
AT3G08650,AT3G08650_ID18,0.813112
AT3G05380,AT3G05380_JC2,0.8106763333333333
AT5G63200,AT5G63200_ID2,0.7993983333333333
AT4G31170,AT4G31170_P6,0.7941050000000001
AT2G42400,AT2G42400_ID16,0.7910546666666667
AT2G42400,AT2G42400_ID20,0.7910546666666667
AT1G03210,AT1G03210_ID2,0.7860816666666667
AT2G25590,AT2G25590_ID6,0.7847976666666666
AT1G06730,AT1G06730_c1,0.783705
AT1G66880,AT1G66880_JS10,0.7806836666666667
AT2G41760,AT2G41760_ID4,0.779989
AT1G13000,AT1G13000_c1,0.7791316666666667
AT1G28320,AT1G28320_c4,0.776971
AT1G72150,AT1G72150_c1,0.7761793333333333
AT3G13445,AT3G13445_ID6,0.7756263333333333
AT1G80050,AT1G80050_JC8,0.7749753333333333
AT4G01120,AT4G01120_JC3,0.7635556666666666
AT4G36850,AT4G36850_P3,0.757224
AT5G64390,AT5G64390_ID3,0.7570613333333333
AT5G01670,AT5G01670_JC11,0.7536906666666666
AT4G21560,AT4G21560_ID1,0.7506653333333334
AT1G79700,AT1G79700_P4,0.748298
AT3G29575,AT3G29575_P4,0.7440506666666667
AT5G49710,AT5G49710_c2,0.743973
AT1G35190,AT1G35190.2,0.7419856666666668
AT3G13450,AT3G13450_ID6,0.7392340000000001
AT5G57565,AT5G57565_P3,0.7386386666666667
AT2G41900,AT2G41900_ID1,0.7384369999999999
AT4G05320,AT4G05320.1,0.7361626666666666
AT1G61640,AT1G61640_P3,0.7332116666666666
AT2G30880,AT2G30880_ID31,0.7325733333333333
AT1G01770,AT1G01770_ID4,0.7304306666666666
AT2G39910,AT2G39910_ID10,0.7286123333333333
AT2G37460,AT2G37460_JS1,0.7255813333333333
AT3G08840,AT3G08840_c3,0.7234843333333334
AT1G05890,AT1G05890_s2,0.7227990000000001
AT3G02740,AT3G02740_ID24,0.7227646666666666
AT5G04430,AT5G04430_JS3,0.722066
AT1G01650,AT1G01650_JC3,0.7203189999999999
AT4G03260,AT4G03260_P2,0.7160993333333333
AT2G41060,AT2G41060_c6,0.7100810000000001
AT4G25100,AT4G25100_P1,0.7085646666666667
AT2G19710,AT2G19710_c1,0.7057816666666666
AT1G44790,AT1G44790_ID8,0.7057146666666667
AT2G31710,AT2G31710_JC1,0.7044093333333333
AT3G45290,AT3G45290_ID10,0.6997703333333334
AT5G38360,AT5G38360_ID2,0.6984043333333334
AT2G02910,AT2G02910_ID18,0.6969653333333333
AT5G47420,AT5G47420_ID3,0.695539
AT5G06310,AT5G06310_ID4,0.6921323333333333
AT3G07700,AT3G07700_P2,0.6905143333333333
AT3G07215,AT3G07215.2,0.6890679999999999
AT5G01240,AT5G01240.2,0.6871473333333333
AT2G45140,AT2G45140_P2,0.6868536666666666
AT4G31820,AT4G31820_P2,0.686524
AT4G32440,AT4G32440_ID5,0.68172
AT1G03687,AT1G03687_ID1,0.6785083333333333
AT3G06380,AT3G06380_ID3,0.677061
AT5G20570,AT5G20570_ID1,0.6753110000000001
AT3G62450,AT3G62450_c1,0.6750240000000001
AT4G38290,AT4G38290_ID1,0.67365
AT2G39300,AT2G39300_P2,0.6620093333333333
AT5G52750,AT5G52750_P2,0.6610496666666666
AT4G37890,AT4G37890.1,0.6601549999999999
AT5G57240,AT5G57240_P3,0.6601549999999999
AT4G37370,AT4G37370_ID2,0.6601549999999999
AT4G01010,AT4G01010_ID1,0.6601549999999999
AT2G19190,AT2G19190_ID2,0.6601549999999999
AT2G37290,AT2G37290.2,0.6601549999999999
AT1G19397,AT1G19397.1,0.6601549999999999
AT2G39200,AT2G39200_ID2,0.6601549999999999
AT1G48780,AT1G48780_P2,0.6601549999999999
AT2G22630,AT2G22630_P2,0.6601549999999999
AT5G58540,AT5G58540.3,0.6601549999999999
AT1G27410,AT1G27410_ID3,0.6601549999999999
AT4G31620,AT4G31620_P2,0.6601549999999999
AT3G51330,AT3G51330_ID4,0.6601549999999999
AT5G25440,AT5G25440_s2,0.6601549999999999
AT1G06750,AT1G06750.2,0.6601549999999999
AT5G61190,AT5G61190_P8,0.6601549999999999
AT4G03500,AT4G03500.1,0.6601549999999999
AT1G24030,AT1G24030.2,0.6601549999999999
AT1G24030,AT1G24030_P3,0.6601549999999999
AT1G32540,AT1G32540_c2,0.6601549999999999
AT5G27750,AT5G27750_c1,0.6594266666666667
AT3G03970,AT3G03970_ID4,0.6594099999999999
AT1G43590,AT1G43590_s2,0.6573466666666666
AT5G63570,AT5G63570_P2,0.6572399999999999
AT1G68920,AT1G68920_P2,0.6512326666666667
AT5G51410,AT5G51410.3,0.6503416666666667
AT1G08465,AT1G08465_JC5,0.6481646666666666
AT5G18500,AT5G18500_P3,0.6469243333333333
AT5G20240,AT5G20240_P2,0.6462623333333334
AT2G13970,AT2G13970.1,0.6411613333333334
AT4G18530,AT4G18530_JC4,0.6370106666666667
AT5G40170,AT5G40170_JC4,0.628143
AT3G04350,AT3G04350_P2,0.627357
AT5G18630,AT5G18630_ID172,0.6268416666666666
AT4G28290,AT4G28290_ID2,0.6253026666666667
AT5G15120,AT5G15120_ID3,0.6251676666666667
AT2G29910,AT2G29910_P4,0.6223083333333334
AT4G09680,AT4G09680_JS8,0.6222653333333333
AT1G27290,AT1G27290.2,0.6222423333333333
AT1G28320,AT1G28320_JS1,0.6161003333333334
AT2G45810,AT2G45810_c3,0.6128093333333333
AT1G54680,AT1G54680_ID5,0.610402
AT1G65430,AT1G65430_ID12,0.608908
AT2G43400,AT2G43400_ID31,0.6064916666666667
AT4G04740,AT4G04740_P3,0.6015309999999999
AT2G32970,AT2G32970_P4,0.5999296666666667
AT3G25910,AT3G25910_ID1,0.5966523333333333
AT3G17430,AT3G17430_P2,0.590668
AT3G60300,AT3G60300_c3,0.590656
AT5G52110,AT5G52110_ID4,0.5863613333333334
AT3G26932,AT3G26932.1,0.585767
AT4G30310,AT4G30310_JS3,0.5736450000000001
AT5G05310,AT5G05310_s1,0.5730286666666666
AT5G30490,AT5G30490_ID3,0.5675356666666667
AT3G57550,AT3G57550_JS8,0.5657853333333334
AT4G06701,AT4G06701_ID3,0.562862
AT2G19160,AT2G19160_ID18,0.5620483333333334
AT4G19140,AT4G19140_ID2,0.561981
AT5G57490,AT5G57490_JC3,0.5566099999999999
AT1G29357,AT1G29357_ID4,0.5522076666666667
AT4G05130,AT4G05130_P1,0.5469753333333334
AT2G02470,AT2G02470_ID1,0.5465066666666667
AT1G67420,AT1G67420_JS3,0.5445343333333333
AT5G64230,AT5G64230_ID2,0.5434603333333333
AT5G66870,AT5G66870_ID2,0.5434603333333333
AT3G46130,AT3G46130_P1,0.5391763333333334
AT5G45310,AT5G45310_P1,0.5383266666666667
AT1G54440,AT1G54440_JS6,0.5381356666666667
AT1G10070,AT1G10070.3,0.5369766666666667
AT1G27520,AT1G27520_c1,0.5365613333333333
AT1G34200,AT1G34200_ID2,0.5312253333333333
AT3G43920,AT3G43920_P6,0.531179
AT2G42810,AT2G42810_JS5,0.5307713333333334
AT1G13120,AT1G13120_ID7,0.5228716666666667
AT4G20280,AT4G20280_c2,0.518855
AT1G54370,AT1G54370_ID161,0.5183446666666667
AT3G11620,AT3G11620_ID23,0.516656
AT5G59960,AT5G59960_s1,0.5155786666666667
AT1G11670,AT1G11670_ID2,0.511625
AT3G55880,AT3G55880_JS2,0.5109906666666667
AT3G55610,AT3G55610.2,0.5075803333333333
AT1G76490,AT1G76490_c1,0.5067876666666666
AT4G32850,AT4G32850_P13,0.5040723333333333
AT3G21390,AT3G21390_ID16,0.5032326666666667
AT2G05755,AT2G05755_JS13,0.5011396666666666
AT2G17975,AT2G17975_ID1,0.496697
AT4G23420,AT4G23420_P4,0.49413766666666664
AT1G78260,AT1G78260.2,0.49217399999999994
AT1G21610,AT1G21610_ID15,0.49206
AT4G31290,AT4G31290_ID18,0.490734
AT5G50330,AT5G50330_JC11,0.48844233333333337
AT3G11620,AT3G11620.4,0.4805456666666667
AT1G63090,AT1G63090_JS1,0.4799246666666667
AT4G21215,AT4G21215.1,0.47265399999999996
AT5G45620,AT5G45620.2,0.47183899999999995
AT5G06690,AT5G06690_c1,0.467303
AT5G23250,AT5G23250_P3,0.46700933333333333
AT3G53420,AT3G53420_ID1,0.465349
AT5G51620,AT5G51620_ID4,0.46530133333333334
AT1G02816,AT1G02816_JS1,0.460334
AT3G54620,AT3G54620_c1,0.45996666666666663
AT3G54150,AT3G54150_ID3,0.45996566666666666
AT1G03580,AT1G03580_ID2,0.45996566666666666
AT5G49620,AT5G49620.2,0.45996566666666666
AT3G60540,AT3G60540_P2,0.45996566666666666
AT5G02580,AT5G02580_P2,0.45996566666666666
AT5G02360,AT5G02360_c2,0.45996566666666666
AT2G30340,AT2G30340_P2,0.45996566666666666
AT5G01700,AT5G01700_P2,0.45996566666666666
AT5G03720,AT5G03720_ID2,0.45996566666666666
AT2G26820,AT2G26820_P3,0.45996566666666666
AT1G17940,AT1G17940_P2,0.45996566666666666
AT5G47455,AT5G47455_ID2,0.45996566666666666
AT4G04990,AT4G04990_c1,0.45996566666666666
AT3G26612,AT3G26612_ID4,0.45996566666666666
AT4G13345,AT4G13345_P7,0.45996566666666666
AT5G26920,AT5G26920_P3,0.45996566666666666
AT5G22310,AT5G22310_P1,0.45996566666666666
AT5G19890,AT5G19890_P1,0.45996566666666666
AT4G23510,AT4G23510_P2,0.45996566666666666
AT1G44180,AT1G44180_P1,0.45996566666666666
AT2G13960,AT2G13960_P1,0.45996566666666666
AT2G15730,AT2G15730_ID8,0.45996566666666666
AT4G31150,AT4G31150_s1,0.45996566666666666
AT3G23150,AT3G23150_P2,0.45996566666666666
AT1G64300,AT1G64300.2,0.45996566666666666
AT4G05590,AT4G05590_ID4,0.45996566666666666
AT5G57000,AT5G57000_ID2,0.45996566666666666
AT5G60260,AT5G60260_P1,0.45996566666666666
AT4G16162,AT4G16162.3,0.45996566666666666
AT3G54740,AT3G54740_P8,0.45965866666666666
AT1G02610,AT1G02610_s1,0.458979
AT1G12080,AT1G12080.1,0.412415
AT5G03830,AT5G03830_JC10,0.38379266666666667
AT5G19450,AT5G19450_c1,0.0
AT1G29800,AT1G29800_ID4,0.0
AT1G29400,AT1G29400_c4,0.0
AT1G31480,AT1G31480_ID1,0.0
AT3G52260,AT3G52260_ID11,0.0
AT5G27730,AT5G27730_ID7,0.0
AT5G27730,AT5G27730_P1,0.0
AT5G35410,AT5G35410_JS9,0.0
AT3G47340,AT3G47340_ID327,0.0
AT5G27730,AT5G27730_ID17,0.0
AT1G26930,AT1G26930_P2,0.0
AT1G25570,AT1G25570_ID2,0.0
AT1G04310,AT1G04310_c2,0.0
AT5G62600,AT5G62600_JS3,0.0
AT3G14270,AT3G14270_P1,0.0
AT2G46970,AT2G46970_P1,0.0
AT4G24680,AT4G24680_ID4,0.0
AT2G05790,AT2G05790_ID3,0.0
AT1G34315,AT1G34315_c2,0.0
AT4G23640,AT4G23640_c1,0.0
AT1G43886,AT1G43886_JC8,0.0
AT1G45249,AT1G45249_ID5,0.0
AT5G18440,AT5G18440_ID4,0.0
AT5G26290,AT5G26290_c2,0.0
AT5G24270,AT5G24270_P4,0.0
AT1G03550,AT1G03550_ID22,0.0
AT4G22750,AT4G22750_ID2,0.0
AT1G04300,AT1G04300.3,0.0
AT5G67440,AT5G67440.2,0.0
AT3G15395,AT3G15395_ID6,0.0
AT1G03090,AT1G03090_ID10,0.0
AT1G03090,AT1G03090_ID2,0.0
AT3G15351,AT3G15351_P2,0.0
AT1G51690,AT1G51690_s3,0.0
AT1G55150,AT1G55150_s2,0.0
AT3G44510,AT3G44510_P3,0.0
AT3G03970,AT3G03970.3,0.0
AT5G43270,AT5G43270_JS2,0.0
AT5G43560,AT5G43560_ID1,0.0
AT5G43130,AT5G43130_s1,0.0
AT1G20980,AT1G20980_s1,0.0
AT3G60510,AT3G60510_P2,0.0
AT5G12170,AT5G12170_JS2,0.0
AT5G11690,AT5G11690_c1,0.0
AT1G50970,AT1G50970_ID19,0.0
AT5G13800,AT5G13800_ID4,0.0
AT3G59330,AT3G59330_ID15,0.0
AT2G37840,AT2G37840_c2,0.0
AT4G16990,AT4G16990_P11,0.0
AT1G22830,AT1G22830_P2,0.0
AT4G25707,AT4G25707_P2,0.0
AT4G24740,AT4G24740_P5,0.0
AT1G80380,AT1G80380_P7,0.0
AT2G42080,AT2G42080_ID3,0.0
AT1G19530,AT1G19530_P2,0.0
AT5G42400,AT5G42400_JS17,0.0
AT5G40840,AT5G40840_P2,0.0
AT5G14180,AT5G14180_ID10,0.0
AT1G21400,AT1G21400_P2,0.0
AT3G46130,AT3G46130_ID5,0.0
AT1G36070,AT1G36070_P2,0.0
AT2G36390,AT2G36390_ID41,0.0
AT5G16120,AT5G16120_P1,0.0
AT4G17615,AT4G17615_ID2,0.0
AT2G39690,AT2G39690_ID6,0.0
AT4G23420,AT4G23420.1,0.0
AT2G46980,AT2G46980_P4,0.0
AT3G02070,AT3G02070_ID29,0.0
AT3G01850,AT3G01850_s2,0.0
AT3G45290,AT3G45290_ID9,0.0
AT3G01520,AT3G01520_ID1,0.0
AT5G22000,AT5G22000.2,0.0
AT5G20300,AT5G20300.2,0.0
AT1G34780,AT1G34780_ID1,0.0
AT3G60860,AT3G60860_s1,0.0
AT1G18020,AT1G18020_ID9,0.0
AT3G61740,AT3G61740_s1,0.0
AT5G49760,AT5G49760_c1,0.0
AT3G61690,AT3G61690_ID4,0.0
AT1G16010,AT1G16010_ID2,0.0
AT5G48775,AT5G48775_c2,0.0
AT2G28060,AT2G28060_P3,0.0
AT1G11180,AT1G11180.2,0.0
AT1G11080,AT1G11080_ID12,0.0
AT5G50000,AT5G50000_c1,0.0
AT1G17990,AT1G17990_ID8,0.0
AT5G46250,AT5G46250.2,0.0
AT5G46180,AT5G46180_ID1,0.0
AT1G19130,AT1G19130_ID2,0.0
AT5G05930,AT5G05930_ID50,0.0
AT5G10450,AT5G10450.2,0.0
AT1G16340,AT1G16340_ID10,0.0
AT1G53210,AT1G53210_ID2,0.0
AT5G09672,AT5G09672_ID1,0.0
AT5G09820,AT5G09820_c1,0.0
AT1G53490,AT1G53490.1,0.0
AT1G53400,AT1G53400_c1,0.0
AT4G05320,AT4G05320_s4,0.0
AT4G05120,AT4G05120_ID2,0.0
AT2G25730,AT2G25730_c1,0.0
AT5G54440,AT5G54440_JS6,0.0
AT3G06500,AT3G06500_s1,0.0
AT1G59750,AT1G59750_ID27,0.0
AT2G30330,AT2G30330_ID1,0.0
AT2G30740,AT2G30740.1,0.0
AT1G59710,AT1G59710_P2,0.0
AT3G28670,AT3G28670_P2,0.0
AT1G10570,AT1G10570_c6,0.0
AT5G03240,AT5G03240.3,0.0
AT5G03430,AT5G03430_ID16,0.0
AT1G58200,AT1G58200_ID21,0.0
AT1G58350,AT1G58350_P2,0.0
AT1G59610,AT1G59610_ID3,0.0
AT2G28450,AT2G28450_ID1,0.0
AT3G05675,AT3G05675_P3,0.0
AT3G27260,AT3G27260_JS4,0.0
AT3G05710,AT3G05710_ID1,0.0
AT1G10090,AT1G10090_ID1,0.0
AT2G23470,AT2G23470_s2,0.0
AT1G09060,AT1G09060_P1,0.0
AT5G57060,AT5G57060_P4,0.0
AT4G12690,AT4G12690_P2,0.0
AT4G12290,AT4G12290_c1,0.0
AT5G57060,AT5G57060_P5,0.0
AT1G69572,AT1G69572_ID1,0.0
AT1G62130,AT1G62130_P1,0.0
AT1G67710,AT1G67710_P3,0.0
AT4G36480,AT4G36480_ID3,0.0
AT2G22980,AT2G22980_JS24,0.0
AT1G76590,AT1G76590_ID1,0.0
AT5G58470,AT5G58470_s1,0.0
AT5G58540,AT5G58540_ID4,0.0
AT3G16850,AT3G16850_ID8,0.0
AT3G09600,AT3G09600_P7,0.0
AT4G34310,AT4G34310_s1,0.0
AT3G22170,AT3G22170.1,0.0
AT5G58340,AT5G58340_ID4,0.0
AT1G72530,AT1G72530.2,0.0
AT1G69572,AT1G69572_ID4,0.0
AT4G27120,AT4G27120_ID21,0.0
AT4G26720,AT4G26720_ID3,0.0
AT1G79090,AT1G79090_P1,0.0
AT1G78850,AT1G78850_ID4,0.0
AT2G14045,AT2G14045_JS5,0.0
AT4G32590,AT4G32590_ID1,0.0
AT2G16940,AT2G16940_s1,0.0
AT4G30570,AT4G30570_ID1,0.0
AT3G20250,AT3G20250_P3,0.0
AT5G60100,AT5G60100_P5,0.0
AT1G01100,AT1G01100_P4,0.0
AT1G77210,AT1G77210_P3,0.0
AT4G14740,AT4G14740_JS2,0.0
AT4G14385,AT4G14385_P2,0.0
AT4G16765,AT4G16765_c6,0.0
AT4G29230,AT4G29230_s1,0.0
AT4G28910,AT4G28910_s2,0.0
AT1G04010,AT1G04010_ID4,0.0
AT4G19880,AT4G19880.3,0.0
AT5G65290,AT5G65290_c2,0.0
AT2G01930,AT2G01930_c1,0.0
AT1G01110,AT1G01110_s1,0.0
